Gender,Age,HeadCircumference,ShoulderWidth,ChestWidth,Belly,Waist,Hips,ArmLength,ShoulderToWaist,WaistToKnee,LegLength,TotalHeight,Weight
1.0,30,22,18,20,18,14,22,22,25,25,22,52,39.5
1.0,28,19,22,17,18,21,25,28,23,25,20,56,44.1
2.0,27,21,18,16,14,10,15,21,18,14,18,53,36.2
1.0,29,20,20,18,11,19,14,24,21,20,21,45,25.0
2.0,28,16,14,18,13,11,30,25,22,32,13,47,28.6
2.0,22,17,19,18,14,16,18,20,24,21,19,60,47.1
2.0,18,25,17,16,17,12,28,23,25,14,18,49,32.5
2.0,26,18,15,19,17,23,27,19,19,19,19,58,47.3
1.0,23,16,16,20,18,22,18,15,26,20,19,40,23.5
1.0,31,15,20,28,18,91,17,16,21,21,19,55,48.8
1.0,29,16,28,17,15,21,30,17,25,18,17,50,32.8
1.0,35,23,21,18,12,18,27,18,17,19,20,49,30.1
2.0,29,21,19,17,17,20,21,20,20,18,22,59,48.0
1.0,30,19,17,18,18,24,28,23,22,17,24,47,31.4
2.0,20,24,21,17,16,18,19,19,27,17,19,51,35.3
2.0,27,19,15,20,11,20,18,19,28,17,18,57,41.6
2.0,24,16,20,16,9,25,22,19,19,25,15,60,41.0
1.0,30,21,18,21,12,19,21,15,20,21,20,59,46.1
1.0,35,20,16,28,18,17,23,16,27,23,9,48,37.0
1.0,29,18,15,18,15,18,24,20,25,17,13,42,23.6
1.0,35,25,18,18,15,19,19,23,19,18,21,49,32.3
2.0,29,80,19,16,17,20,20,24,22,19,20,44,26.4
2.0,27,21,21,16,18,22,30,15,20,25,9,45,28.0
1.0,26,16,22,17,14,24,19,22,18,21,13,54,37.5
2.0,24,15,19,17,15,16,20,18,26,21,21,57,43.0
1.0,20,16,16,18,17,15,21,19,19,21,20,60,50.0
1.0,30,20,17,17,19,18,23,15,17,21,18,57,46.3
1.0,35,17,18,18,10,17,24,20,28,20,21,58,40.8
1.0,31,19,15,20,14,22,21,25,27,23,19,45,27.4
1.0,20,28,14,20,18,19,30,24,25,20,20,51,37.8
1.0,24,29,20,18,17,18,35,20,20,16,30,31,13.4
2.0,27,17,22,16,12,18,30,17,27,11,31,30,11.0
1.0,29,19,20,20,14,18,21,20,28,12,21,33,14.7
1.0,27,24,19,16,15,19,21,17,24,12,28,60,47.0
2.0,18,15,21,16,15,20,21,18,17,12,39,45,26.4
2.0,19,14,22,18,17,13,20,19,18,13,27,47,30.6
2.0,20,19,19,18,18,11,23,20,19,14,28,48,32.5
2.0,24,17,21,19,18,11,24,19,20,18,22,40,23.0
1.0,22,18,16,16,19,12,28,19,21,18,21,48,32.6
1.0,24,20,17,17,19,13,20,19,16,17,20,48,32.9
2.0,25,22,17,17,12,13,28,18,19,17,27,60,44.9
1.0,21,23,17,17,12,18,20,20,18,18,17,55,37.7
1.0,25,22,17,22,10,18,21,23,17,16,18,51,33.7
1.0,22,20,18,22,11,14,23,22,17,18,19,52,35.3
2.0,21,19,20,20,11,14,19,20,17,18,30,53,36.0
2.0,19,19,20,21,13,14,18,21,18,17,20,59,46.6
2.0,17,19,21,20,13,13,19,20,18,18,28,50,33.5
1.0,18,27,16,16,14,15,18,19,19,20,27,50,32.0
1.0,25,26,16,14,19,16,19,19,20,21,21,39,20.7
2.0,30,26,14,15,18,17,20,18,20,17,21,57,44.2
2.0,29,19,19,10,16,20,19,21,17,18,22,44,23.3
2.0,28,20,18,16,18,21,30,21,17,18,23,47,30.9
1.0,30,22,15,16,16,21,19,18,18,17,23,57,43.3
1.0,25,19,21,16,19,23,18,19,26,19,14,58,47.5
1.0,30,18,20,17,14,20,17,19,27,16,18,59,45.0
2.0,18,17,21,18,16,20,17,20,26,17,17,51,35.5
2.0,19,17,18,20,19,15,17,20,17,14,19,59,51.3
1.0,28,20,20,18,19,11,18,17,15,11,20,52,39.2
2.0,17,21,19,14,13,15,16,17,21,22,38,60,44.2
1.0,6,17,9,8,8,10,10,11,8,17,19,25,6.0
1.0,8,19,15,13,9,15,15,21,24,17,31,50,27.2
1.0,24,21,17,11,8,20,9,25,21,18,37,60,36.9
2.0,54,26,18,13,11,23,16,23,27,22,46,72,59.2
1.0,16,16,13,17,13,19,16,17,18,18,37,34,14.8
2.0,24,24,21,15,12,16,17,24,21,19,34,38,17.5
1.0,15,19,15,7,8,13,15,17,20,21,37,51,25.2
1.0,4,18,13,15,12,15,15,16,19,13,26,43,22.3
1.0,21,22,16,16,8,9,11,14,20,21,30,50,27.9
1.0,38,20,17,21,14,13,16,22,27,21,41,47,30.4
1.0,49,23,16,14,11,14,14,20,22,23,33,52,31.0
2.0,22,24,18,21,19,21,23,23,27,21,28,59,52.2
1.0,3,15,7,7,6,7,10,10,11,8,17,23,5.1
1.0,12,19,16,15,13,20,16,24,39,21,42,62,46.8
2.0,18,22,18,18,15,17,20,21,26,22,19,38,19.4
1.0,37,25,19,17,22,17,22,19,27,20,27,47,33.3
1.0,21,17,14,17,15,19,16,22,25,21,41,50,33.2
1.0,16,23,15,13,10,13,13,20,22,16,30,56,35.4
1.0,19,20,18,11,9,20,14,21,9,19,41,55,31.7
2.0,32,16,7,8,8,7,8,10,24,8,18,24,5.6
2.0,3,21,19,10,10,22,10,23,24,19,37,60,38.2
1.0,42,24,15,13,9,10,16,21,10,20,36,61,40.5
1.0,2,15,7,11,8,7,15,7,22,7,16,24,5.9
1.0,50,20,18,7,8,10,23,19,20,24,34,38,14.0
1.0,37,21,19,12,16,18,14,26,23,26,29,37,17.0
1.0,20,24,13,18,21,21,24,25,19,19,49,75,84.2
2.0,7,17,11,15,12,13,16,15,22,13,26,40,19.1
1.0,17,19,10,15,13,15,17,21,22,19,33,47,27.2
1.0,24,20,18,12,11,22,13,22,25,20,40,57,36.5
1.0,3,16,8,7,7,8,9,9,10,9,18,23,5.1
1.0,34,20,18,10,9,21,10,24,22,19,38,59,35.7
2.0,24,22,16,12,10,11,14,23,25,19,38,60,39.8
1.0,21,18,14,9,9,10,11,20,23,15,30,53,28.3
1.0,6,20,18,12,11,13,11,22,25,20,40,61,41.8
1.0,31,16,14,12,10,13,19,15,20,11,22,33,11.9
1.0,4,20,16,12,10,14,14,20,25,18,32,51,28.5
1.0,7,26,19,14,12,23,16,24,28,23,46,73,63.4
1.0,54,20,17,14,13,14,15,22,26,21,42,62,47.0
1.0,19,20,16,8,9,14,16,18,21,22,38,52,26.7
2.0,15,23,16,14,11,14,14,21,23,17,33,56,36.4
1.0,24,22,17,12,13,22,12,23,27,20,46,62,44.6
1.0,32,20,17,18,9,16,8,23,13,20,30,40,18.9
1.0,16,16,8,12,8,7,10,11,11,8,17,23,5.5
2.0,2,20,19,13,12,16,17,7,27,19,39,43,21.4
1.0,28,22,19,20,18,20,23,24,27,19,39,38,21.2
1.0,22,20,13,10,8,10,12,23,19,20,34,75,56.2
1.0,8,23,20,16,15,14,16,13,27,23,45,53,36.5
1.0,36,23,16,11,10,14,14,25,25,20,39,53,30.5
2.0,21,23,16,21,14,20,17,22,22,21,30,43,25.5
1.0,32,17,14,18,14,20,17,20,19,19,39,34,15.2
1.0,16,21,18,18,14,18,19,18,26,22,40,46,27.8
1.0,17,19,12,17,13,16,18,23,23,20,38,42,22.2
1.0,18,23,20,14,13,17,16,20,28,20,40,48,27.7
1.0,24,22,17,22,13,22,19,23,20,20,27,47,30.2
1.0,32,25,19,23,18,23,20,22,23,23,29,56,47.3
1.0,42,24,18,21,20,22,24,26,28,18,38,59,52.8
1.0,4,18,12,14,13,14,15,16,18,14,25,42,21.5
2.0,19,19,18,15,213,14,17,16,20,23,36,60,104.5
1.0,20,18,19,16,12,15,16,15,18,25,38,59,42.9
1.0,21,16,22,20,23,14,19,16,17,26,29,62,61.0
1.0,17,17,17,21,15,13,11,14,18,27,34,41,23.6
1.0,16,22,16,10,17,10,13,22,17,21,34,57,40.3
2.0,24,21,14,9,10,17,20,16,18,20,37,49,24.8
2.0,18,17,19,8,11,14,19,14,20,21,30,63,41.1
1.0,37,19,20,13,18,18,18,16,21,19,23,49,31.7
2.0,50,16,23,18,12,50,14,22,12,18,29,44,24.8
2.0,42,14,10,12,9,49,17,20,25,17,13,54,31.4
1.0,40,12,14,11,18,36,17,21,23,16,27,64,52.6
1.0,35,15,19,16,10,26,16,19,24,22,28,69,56.3
1.0,29,13,18,17,23,19,13,20,21,19,30,67,68.7
1.0,55,18,17,15,24,60,14,14,20,23,29,57,49.4
2.0,25,22,14,11,14,10,19,15,19,21,31,68,53.9
2.0,33,25,16,12,13,20,13,21,17,20,29,69,56.0
1.0,39,16,15,14,14,21,19,15,17,22,24,48,28.6
1.0,17,23,20,10,9,18,20,16,16,19,20,58,34.7
1.0,22,15,19,11,16,19,21,12,18,18,21,60,44.6
1.0,25,13,22,14,12,20,22,21,19,19,22,57,38.8
1.0,32,11,11,19,14,21,21,15,21,22,30,48,30.7
2.0,39,24,10,11,18,21,19,20,23,20,29,49,30.8
1.0,49,16,10,16,20,10,14,16,21,21,25,54,42.0
2.0,26,13,14,13,11,17,17,19,20,30,30,47,25.2
2.0,44,10,16,10,19,31,16,20,19,20,29,66,56.2
1.0,25,9,17,7,10,29,14,17,18,18,19,49,24.1
1.0,15,14,18,9,9,12,15,19,20,21,20,54,29.3
2.0,50,21,19,10,20,52,36,40,36,30,29,47,29.4
2.0,42,21,12,11,19,40,44,41,33,29,30,40,21.1
1.0,20,22,18,17,15,14,15,24,22,21,21,55,40.2
1.0,31,18,19,20,15,21,22,22,19,20,13,52,37.5
1.0,19,17,14,16,9,9,14,23,25,13,20,32,11.8
2.0,24,19,20,21,10,10,30,18,15,19,9,35,15.6
2.0,27,23,16,17,12,11,18,15,21,20,15,56,38.9
2.0,29,25,18,19,14,12,19,19,22,25,20,50,33.7
2.0,30,20,20,18,16,16,20,25,23,15,18,45,28.0
1.0,31,16,18,18,18,23,18,23,22,20,18,45,28.9
2.0,28,16,19,16,12,24,17,24,24,14,19,51,31.6
1.0,23,18,17,18,11,19,14,20,26,21,24,48,28.2
2.0,29,15,20,19,16,21,18,19,20,22,22,43,25.7
1.0,35,17,18,20,15,18,19,21,21,14,23,52,37.4
1.0,18,25,18,21,17,20,20,23,25,23,26,39,22.0
1.0,20,23,22,20,12,21,21,24,22,22,27,45,26.3
1.0,35,19,18,18,19,18,22,17,19,20,21,48,33.4
1.0,32,18,16,20,16,20,18,22,20,19,19,31,13.4
1.0,31,20,21,18,17,21,19,18,18,18,19,60,50.0
2.0,20,21,18,19,14,18,17,19,17,17,19,50,33.3
2.0,19,24,21,20,10,18,20,20,14,24,16,49,30.2
1.0,18,19,18,16,19,19,21,23,23,22,20,33,15.4
2.0,24,20,21,18,15,29,22,24,28,21,22,39,20.6
2.0,22,20,19,19,14,22,20,23,27,20,21,47,29.2
1.0,21,24,20,18,13,14,18,21,19,20,20,53,36.1
2.0,26,17,16,18,10,17,17,17,20,18,19,41,20.2
1.0,18,18,15,17,11,16,15,20,21,16,21,52,32.9
1.0,27,19,16,17,13,19,14,25,25,19,20,48,29.5
1.0,29,21,20,18,12,20,20,19,20,20,19,51,33.3
1.0,30,21,18,18,12,19,19,20,22,21,18,40,20.3
1.0,20,20,21,20,17,20,18,24,19,22,21,55,43.4
1.0,5,18,13,14,13,13,12,12,16,9,19,30,10.9
2.0,25,22,17,20,16,20,20,20,20,19,30,50,34.9
2.0,3,19,10,14,15,8,7,7,12,6,16,20,5.1
2.0,7,21,14,15,21,14,12,12,16,11,25,30,13.0
1.0,50,24,21,19,13,27,30,20,21,19,30,50,33.0
1.0,16,19,16,16,21,15,16,20,20,20,40,52,39.3
1.0,5,22,12,11,14,6,8,11,11,18,16,31,11.4
1.0,20,17,18,16,11,20,20,20,21,16,32,52,32.6
1.0,4,21,10,12,16,8,7,66,7,8,17,21,5.5
1.0,23,22,15,9,8,20,10,66,20,15,31,51,25.3
1.0,17,18,16,8,7,7,11,21,21,16,32,52,26.2
1.0,13,16,16,7,9,10,14,22,20,17,31,40,15.7
2.0,18,19,17,10,6,9,11,19,22,12,27,46,20.5
2.0,2,21,6,6,7,11,7,16,7,8,17,21,4.3
2.0,3,23,11,8,5,9,7,7,11,7,17,30,8.7
2.0,7,21,13,10,6,7,12,8,21,10,25,36,12.5
2.0,14,22,16,7,9,9,10,20,20,10,30,43,18.0
1.0,20,19,17,7,11,10,10,21,18,16,36,46,21.6
1.0,31,24,17,10,9,11,10,22,18,20,40,46,21.7
1.0,12,21,16,9,6,11,10,17,23,17,32,56,30.4
1.0,6,22,10,8,9,10,10,21,21,13,23,41,16.9
1.0,3,18,19,10,10,6,12,21,20,12,30,35,12.9
1.0,27,25,20,11,11,10,14,20,21,19,34,40,17.5
1.0,26,23,17,12,12,11,12,20,16,17,30,52,31.0
1.0,36,21,15,13,11,7,13,21,17,20,42,42,20.1
1.0,31,21,16,11,10,6,11,22,20,19,39,70,52.9
1.0,25,23,18,13,11,10,14,20,20,14,30,56,36.0
1.0,4,19,13,16,15,14,15,14,19,10,21,32,13.4
1.0,27,21,18,21,19,21,22,24,22,20,40,57,48.9
1.0,2,18,9,10,9,9,10,9,15,9,18,23,5.4
1.0,9,20,15,15,16,15,16,16,19,13,26,35,16.1
1.0,60,23,22,20,23,30,34,24,25,20,40,55,48.0
2.0,18,24,17,18,15,16,18,22,22,21,42,57,44.2
2.0,4,18,14,12,10,9,10,12,12,9,18,32,11.3
1.0,22,27,17,20,18,21,22,23,22,19,39,55,44.0
2.0,2,18,9,13,9,9,10,8,10,9,18,23,5.8
1.0,24,20,10,10,9,21,11,23,21,19,38,53,29.0
1.0,19,21,17,9,10,9,12,24,22,20,40,56,32.3
1.0,15,19,17,8,8,11,15,20,20,20,40,50,24.2
2.0,19,21,18,11,9,10,13,20,23,15,30,48,24.2
2.0,3,17,8,7,7,10,9,9,10,9,18,23,5.1
1.0,4,19,12,9,8,11,9,10,12,10,20,32,10.1
1.0,8,20,12,11,9,8,13,19,21,15,30,40,16.8
1.0,16,22,17,9,9,10,12,21,23,18,32,47,22.5
1.0,21,24,18,10,10,13,13,22,24,19,38,50,26.6
1.0,32,23,18,11,12,12,12,24,26,21,42,60,40.5
1.0,14,20,17,10,10,11,12,21,24,19,38,43,19.6
1.0,7,20,16,10,8,12,12,18,20,14,28,38,14.5
1.0,4,18,10,11,10,10,10,20,21,16,32,41,18.1
1.0,29,22,18,12,11,12,15,23,26,21,42,54,33.0
1.0,28,20,18,14,12,10,16,23,25,20,40,46,25.0
1.0,35,22,19,15,14,14,15,24,26,22,44,72,65.7
1.0,30,22,18,12,13,15,15,23,25,21,42,64,48.1
2.0,24,24,17,15,12,13,15,22,24,16,32,57,39.1
1.0,30,23,18,12,29,32,16,22,20,21,20,64,65.0
2.0,3,18,11,10,22,37,23,13,10,10,17,22,6.6
1.0,20,22,18,16,30,37,28,25,19,22,40,46,35.6
1.0,34,23,20,17,34,41,24,25,18,22,40,59,63.3
1.0,35,24,21,18,37,28,24,23,17,23,39,57,62.2
1.0,12,20,14,12,27,33,27,18,14,14,29,57,49.6
1.0,30,23,18,15,29,26,20,23,22,22,41,64,67.6
1.0,15,20,14,11,23,23,15,19,17,14,30,50,35.3
1.0,18,19,18,15,28,34,28,25,24,23,39,80,102.9
1.0,17,21,16,13,28,25,28,22,20,18,36,79,99.0
1.0,10,21,14,9,25,42,26,17,17,18,26,71,71.7
1.0,25,27,20,17,37,42,28,23,20,17,37,60,68.0
1.0,32,25,19,16,37,36,8,23,23,20,38,24,10.8
1.0,34,22,19,17,32,38,24,24,25,19,36,59,61.3
1.0,37,24,20,18,36,38,37,23,20,23,39,68,86.9
2.0,1,11,6,16,13,13,14,9,9,9,13,21,5.5
1.0,1,12,5,17,12,13,15,9,9,7,13,20,5.0
2.0,3,11,6,15,13,12,14,9,10,8,13,22,5.9
1.0,4,13,5,18,14,14,17,10,9,8,14,23,6.9
1.0,3,18,8,20,20,22,20,8,12,8,15,24,8.7
2.0,2,11,87,15,13,12,14,9,9,6,13,19,4.4
2.0,1,12,7,16,13,12,15,10,10,8,12,20,5.0
1.0,4,22,11,22,20,21,22,7,14,13,24,27,11.2
2.0,3,20,10,20,20,21,22,8,14,13,23,24,8.7
2.0,4,22,11,21,20,23,24,10,10,13,22,25,9.5
1.0,5,22,15,20,19,18,20,19,22,12,16,45,30.0
2.0,6,20,14,19,17,16,18,18,20,12,26,43,26.1
2.0,7,21,15,19,17,16,18,18,21,12,37,45,28.2
1.0,8,20,13,26,23,26,27,10,19,19,31,52,46.0
2.0,9,23,15,26,21,20,22,13,19,18,32,55,49.9
1.0,10,24,16,27,24,23,24,17,19,20,33,50,43.8
2.0,11,25,16,27,28,25,28,21,22,45,49,59,64.3
2.0,12,26,14,28,24,25,27,22,23,26,40,60,63.6
1.0,13,28,19,27,23,24,27,21,23,26,40,62,66.4
2.0,19,29,19,31,28,28,28,30,26,30,46,68,89.0
1.0,20,26,17,28,21,26,28,27,26,29,40,67,75.5
1.0,21,28,18,28,23,25,27,21,27,29,43,69,83.0
2.0,22,20,28,19,28,22,26,28,27,26,40,68,78.2
2.0,23,20,18,28,23,25,26,25,28,28,41,69,82.6
1.0,24,28,18,28,23,24,26,28,27,27,42,72,90.6
2.0,25,26,20,37,28,26,27,28,28,27,42,74,111.8
1.0,26,26,20,38,27,28,27,27,26,25,40,85,148.3
1.0,27,28,20,31,30,32,38,30,28,27,41,86,146.8
2.0,20,29,20,32,28,32,32,28,29,29,42,89,154.4
1.0,1,11,6,15,13,12,14,9,9,6,13,19,4.5
2.0,1,11,5,16,13,13,15,9,9,6,13,20,5.0
1.0,4,20,9,22,21,21,20,7,14,13,22,38,22.8
2.0,4,22,11,23,22,24,24,8,17,15,26,44,31.3
1.0,1,19,9,21,20,22,20,6,13,9,16,31,14.8
1.0,3,18,9,22,21,22,20,7,13,9,16,20,6.4
1.0,3,18,8,20,20,22,20,8,12,8,15,24,8.7
2.0,1,12,7,16,13,12,14,10,10,9,13,25,7.8
2.0,3,20,10,20,21,23,21,11,10,9,17,19,5.5
2.0,4,22,11,22,20,21,22,7,14,13,23,27,11.4
1.0,5,20,14,18,17,16,18,18,20,12,26,43,25.7
2.0,6,22,15,19,18,19,15,20,20,13,28,51,37.6
2.0,7,24,16,19,20,20,22,20,21,14,29,56,46.4
1.0,8,24,15,20,22,21,20,21,22,16,30,61,58.1
1.0,9,24,16,22,20,23,22,22,22,17,30,61,57.0
2.0,10,22,13,26,23,27,26,20,16,19,31,71,85.7
1.0,11,24,16,28,24,24,25,23,28,21,38,72,91.3
2.0,12,25,15,17,25,24,26,22,26,20,37,71,79.5
2.0,13,25,16,27,25,24,28,24,26,20,38,73,95.0
1.0,15,26,17,28,24,24,25,23,25,21,39,78,107.2
1.0,17,28,18,29,28,27,28,25,27,24,40,79,117.3
2.0,17,26,18,29,28,28,29,26,30,25,40,79,118.5
1.0,18,26,19,28,28,27,28,29,29,27,41,80,119.7
2.0,18,28,19,28,28,27,28,29,29,27,41,82,126.4
1.0,20,29,19,28,26,28,28,29,28,28,40,82,122.0
2.0,20,28,19,29,27,27,28,27,26,28,41,87,140.6
1.0,21,26,17,38,27,28,27,27,26,25,40,85,148.1
2.0,21,25,18,32,28,31,31,28,27,26,41,86,143.4
1.0,21,26,20,31,30,32,26,29,28,29,42,89,157.3
1.0,1,11,6,15,13,12,14,9,9,6,13,20,5.0
2.0,1,11,5,16,13,13,15,9,9,7,13,21,5.5
1.0,1,12,5,17,12,13,15,10,9,8,13,22,6.0
1.0,1,13,5,17,13,14,16,10,9,8,14,23,6.7
2.0,1,14,5,18,14,14,17,10,9,8,15,24,7.6
2.0,5,20,14,19,17,16,18,18,20,12,26,43,26.2
1.0,5,21,15,20,18,16,18,18,21,12,27,44,28.2
1.0,5,22,15,20,19,18,20,19,22,12,26,45,30.2
1.0,10,22,12,25,22,26,24,7,15,4,32,51,43.2
2.0,10,22,12,25,23,27,26,8,16,14,32,52,45.6
2.0,10,20,13,26,23,26,27,10,19,19,31,52,45.9
1.0,9,21,14,26,21,23,29,11,18,18,32,53,46.5
1.0,11,23,15,26,21,20,22,13,19,19,32,54,48.2
2.0,11,24,16,27,24,23,24,17,19,20,33,55,52.9
1.0,11,24,16,28,27,26,28,19,20,21,34,56,58.2
1.0,12,26,17,28,26,25,27,20,21,22,36,57,59.0
1.0,12,26,16,27,28,25,28,21,22,24,28,59,64.6
2.0,12,26,18,28,28,25,27,21,22,25,39,59,64.8
1.0,13,28,18,27,22,25,27,21,23,26,40,62,65.3
1.0,14,26,18,28,23,25,27,21,23,26,40,63,69.1
2.0,19,26,18,30,25,26,29,28,26,28,41,65,77.6
1.0,17,27,18,30,26,26,29,29,26,28,41,56,58.2
1.0,19,28,26,31,28,28,29,30,26,29,42,68,88.9
2.0,18,29,19,32,28,27,29,31,26,30,42,67,87.0
1.0,19,29,20,31,26,26,29,30,27,30,42,69,89.9
1.0,19,28,18,28,23,25,27,21,26,29,40,68,80.4
2.0,20,26,17,28,21,26,28,27,26,29,40,69,80.7
1.0,20,28,18,28,22,25,26,25,27,28,21,68,79.5
1.0,22,26,20,27,28,26,28,27,28,28,42,72,95.8
1.0,2,18,9,8,19,18,20,9,10,8,14,31,12.0
2.0,2,19,9,9,20,19,21,20,11,9,16,35,15.9
1.0,3,11,8,11,19,12,11,16,10,9,18,32,13.4
2.0,4,18,8,10,7,16,10,20,12,10,20,35,12.0
2.0,4,20,10,10,20,20,20,13,13,11,22,38,19.1
1.0,4,19,10,10,20,20,20,13,13,10,11,38,19.0
2.0,4,20,11,11,22,22,22,16,12,12,22,39,21.0
1.0,4,20,11,10,20,20,21,18,10,12,19,37,18.0
1.0,4,20,11,11,22,22,22,16,12,12,22,39,21.0
1.0,5,20,10,9,22,23,24,14,15,11,22,42,23.8
1.0,6,21,9,9,20,20,20,14,11,9,17,37,17.6
2.0,6,21,10,6,19,20,19,12,19,9,17,38,17.6
2.0,6,20,9,10,22,21,20,12,18,12,18,39,20.9
1.0,8,18,18,9,19,12,9,14,11,13,21,42,22.3
2.0,11,19,13,11,20,22,11,18,14,9,32,50,33.3
1.0,12,21,11,9,20,22,10,17,19,19,32,50,32.3
2.0,15,22,17,15,37,38,42,19,22,18,35,59,64.5
1.0,18,20,19,17,44,42,46,28,19,26,37,66,90.7
1.0,14,22,14,16,34,20,38,24,19,19,35,64,73.2
2.0,20,21,18,19,34,37,39,22,17,15,33,59,64.8
1.0,29,23,21,19,42,38,44,28,22,18,37,66,90.0
1.0,37,22,17,14,33,33,37,25,24,23,41,68,79.9
2.0,49,24,19,17,46,48,63,20,24,15,34,60,76.3
2.0,52,22,16,17,41,14,45,19,16,17,33,60,71.5
2.0,23,22,18,16,45,47,62,19,21,17,33,62,80.0
1.0,40,22,18,14,45,45,46,25,27,22,39,70,100.0
1.0,51,23,19,15,37,36,39,24,22,20,36,65,78.3
1.0,65,22,18,16,36,39,41,24,31,25,39,68,85.2
1.0,62,24,21,20,47,45,44,23,30,23,38,67,99.2
1.0,65,22,18,16,36,39,41,24,31,25,39,68,85.1
1.0,46,22,21,18,45,43,45,22,32,23,36,64,86.6
1.0,65,23,17,16,40,39,40,25,30,24,37,64,79.5
1.0,44,25,19,17,42,44,44,24,26,27,40,69,95.7
1.0,40,22,18,14,45,45,46,25,27,22,39,70,100.6
1.0,68,21,18,17,36,37,37,23,23,19,36,64,76.2
1.0,44,23,19,17,43,44,45,24,31,24,36,67,91.9
1.0,37,22,17,15,33,33,37,25,24,23,41,68,81.3
1.0,51,23,19,15,37,36,39,24,22,20,36,65,77.8
1.0,39,22,17,16,35,36,37,25,22,23,36,67,81.7
1.0,51,22,18,19,32,35,39,22,27,24,38,68,83.2
1.0,29,23,21,17,42,38,44,28,22,18,37,66,87.5
1.0,18,20,19,16,44,42,46,28,19,20,38,64,84.1
2.0,18,21,15,15,35,38,40,22,18,19,34,60,64.6
2.0,16,22,18,20,31,32,32,21,18,19,35,61,66.4
2.0,18,23,19,23,32,37,40,23,19,22,37,59,65.3
2.0,24,23,16,17,40,41,45,21,22,21,37,65,83.0
2.0,52,22,16,9,41,41,45,19,16,17,33,60,66.1
2.0,1,19,9,16,20,18,21,19,11,9,16,35,17.6
1.0,14,22,18,17,37,20,38,24,17,19,35,64,77.4
2.0,49,24,19,15,46,48,63,20,22,15,34,60,74.7
2.0,15,22,17,10,37,38,42,19,21,18,35,59,61.3
1.0,8,21,11,9,23,24,26,16,17,12,26,49,33.0
1.0,5,20,10,8,22,23,24,14,15,11,22,42,23.5
1.0,1,18,9,16,19,18,20,9,10,7,13,31,13.5
2.0,28,22,18,16,45,47,62,19,21,17,33,62,79.5
2.0,21,22,18,19,43,45,59,19,20,16,33,60,75.2
2.0,20,21,18,19,34,37,39,22,17,15,33,59,64.9
1.0,10,20,14,12,24,25,12,19,14,14,30,52,39.5
1.0,7,19,11,9,13,22,9,15,13,13,20,45,22.7
1.0,7,20,12,10,22,22,11,16,14,12,26,47,30.3
1.0,6,21,9,9,20,20,10,14,11,9,17,37,17.7
1.0,7,20,12,9,11,23,9,14,17,23,20,41,17.8
1.0,12,21,11,9,10,22,10,17,19,29,22,50,25.9
1.0,10,21,12,9,10,22,12,15,18,24,25,44,20.0
1.0,7,21,11,8,11,22,11,13,11,9,21,46,22.1
1.0,6,20,12,9,10,23,10,12,17,12,22,45,21.1
1.0,7,21,13,11,10,21,10,13,17,12,22,45,21.7
1.0,9,20,11,10,23,24,11,18,13,13,28,50,34.9
1.0,6,20,9,9,20,20,10,14,11,9,17,37,17.9
1.0,6,20,10,9,20,20,10,14,11,9,17,36,16.9
1.0,6,21,10,6,20,21,10,13,12,9,18,37,17.0
2.0,6,21,9,10,19,20,9,12,19,9,17,38,18.8
2.0,6,20,9,10,22,21,10,12,18,12,18,39,20.8
2.0,6,19,4,9,20,20,11,13,12,9,19,37,17.8
2.0,6,20,5,10,20,20,10,14,11,9,17,36,17.0
2.0,6,20,14,12,21,22,11,13,12,9,16,37,18.9
2.0,9,20,13,13,24,25,12,19,14,14,30,50,36.7
2.0,7,21,9,9,20,22,12,20,13,9,31,51,33.9
2.0,6,20,9,9,20,20,10,14,11,9,17,37,17.8
2.0,9,20,11,13,21,20,9,13,12,9,18,37,19.2
2.0,10,22,14,12,24,24,13,18,14,14,35,50,36.2
2.0,12,19,14,11,23,21,11,19,13,14,31,51,36.7
2.0,11,19,13,12,20,22,11,18,14,9,32,50,33.9
2.0,10,20,13,11,21,20,10,19,13,9,35,55,41.1
2.0,6,19,14,11,20,22,10,19,18,9,30,36,17.3
1.0,10,19,19,11,21,13,10,15,12,14,22,43,25.2
1.0,11,19,19,10,11,12,12,17,19,15,25,43,19.9
1.0,13,20,20,13,22,12,11,19,22,18,29,47,31.4
1.0,12,20,19,13,21,12,11,19,21,18,29,46,29.6
1.0,14,21,20,15,22,13,13,21,23,19,30,48,33.8
1.0,14,21,19,14,21,12,11,20,21,18,31,49,33.9
1.0,15,22,19,13,20,11,10,19,20,17,17,46,29.0
1.0,10,19,19,11,21,13,11,16,12,14,22,43,25.2
2.0,10,19,18,12,22,12,12,15,12,14,21,43,26.1
1.0,8,18,18,9,19,12,9,14,11,13,21,42,22.1
1.0,9,19,19,10,20,13,10,15,12,14,22,43,24.3
2.0,6,22,9,10,18,21,22,14,11,23,24,39,19.3
1.0,10,20,14,11,24,25,27,20,18,16,28,28,11.3
1.0,8,19,13,11,21,22,24,17,15,19,21,43,25.0
2.0,7,20,13,10,20,25,24,16,23,18,21,41,22.0
2.0,8,20,13,10,22,23,24,18,19,17,25,44,26.5
2.0,8,19,13,9,29,23,25,18,16,17,24,44,29.4
1.0,9,20,13,11,24,24,25,18,15,17,26,47,31.5
1.0,8,21,13,11,23,26,25,18,16,17,26,46,29.8
1.0,8,18,11,9,20,12,24,17,15,16,23,44,25.1
2.0,10,20,14,10,26,26,28,18,16,16,28,48,34.0
2.0,8,22,12,9,20,23,23,18,13,17,23,44,25.0
2.0,10,24,13,10,25,27,26,20,16,15,26,47,32.0
2.0,8,21,11,10,22,23,26,17,15,15,27,48,31.7
2.0,13,22,14,14,24,27,28,23,22,19,33,54,43.2
2.0,11,20,13,11,22,23,23,27,23,16,17,52,37.3
2.0,13,22,14,14,24,27,28,23,22,19,32,54,43.8
2.0,11,21,13,12,23,25,26,17,17,19,29,51,37.3
1.0,4,19,10,10,20,20,20,13,13,10,22,38,19.1
1.0,11,21,14,12,22,24,25,18,17,28,28,45,28.5
2.0,12,21,15,12,24,26,28,18,17,15,28,44,28.5
2.0,4,20,10,10,20,20,20,13,13,10,22,38,19.0
1.0,11,20,13,11,22,23,23,27,22,16,17,52,37.6
2.0,8,20,14,12,24,26,11,17,16,16,26,48,33.4
1.0,15,22,14,14,27,28,23,22,19,23,13,54,46.0
1.0,8,22,9,10,18,21,22,14,11,23,24,39,19.2
2.0,10,24,13,10,25,27,26,20,16,15,26,47,31.9
2.0,10,20,14,11,21,23,11,17,19,15,25,46,28.8
2.0,7,20,13,10,20,25,24,16,23,18,21,44,25.4
1.0,11,20,12,13,24,25,27,24,16,18,31,43,27.3
2.0,9,20,10,13,22,10,12,23,15,13,26,45,28.8
1.0,6,19,9,11,20,11,13,18,12,12,22,41,22.6
1.0,6,21,10,12,22,9,12,19,13,12,23,43,26.0
1.0,7,16,10,11,20,10,14,20,11,13,25,43,24.6
2.0,7,19,10,13,21,11,11,16,13,13,23,43,25.8
1.0,9,20,10,12,19,9,11,19,13,13,25,45,26.8
2.0,8,20,10,13,19,10,14,19,11,12,25,42,24.0
1.0,10,20,12,17,23,11,14,23,14,15,29,51,39.9
1.0,9,21,10,12,21,12,13,21,13,14,26,46,29.2
2.0,9,20,11,12,20,10,14,21,11,14,28,48,31.4
1.0,12,20,12,12,21,12,13,24,13,15,28,49,33.3
1.0,9,20,10,13,21,12,13,20,12,13,24,44,27.3
1.0,7,21,11,13,22,12,11,21,12,12,24,44,27.6
1.0,8,20,10,12,19,10,11,18,13,12,24,43,24.4
1.0,5,20,9,12,19,10,12,18,12,19,20,39,20.1
1.0,5,19,9,11,20,11,10,17,12,11,22,39,20.3
2.0,12,18,8,10,17,6,9,12,9,10,20,35,15.0
2.0,8,20,9,11,21,11,14,20,12,13,24,44,26.4
1.0,10,20,12,17,23,11,17,23,14,15,29,42,27.0
1.0,5,19,8,11,20,11,15,12,1,22,24,45,26.9
2.0,10,20,11,15,21,12,13,22,13,15,28,48,33.0
2.0,12,20,10,14,21,12,25,22,14,14,27,47,31.4
2.0,13,20,11,16,21,14,14,22,14,15,30,52,39.6
2.0,12,19,10,14,21,11,14,17,13,14,27,46,29.9
2.0,9,21,11,12,21,12,11,22,13,14,26,46,29.1
2.0,6,19,10,12,20,10,10,21,12,11,22,38,19.5
1.0,3,19,8,11,19,7,13,18,10,9,18,32,13.5
2.0,13,20,12,14,23,13,15,16,13,16,30,51,38.2
2.0,13,20,14,15,24,12,15,25,13,17,31,51,39.6
2.0,18,20,14,13,24,26,11,17,16,16,26,48,34.0
1.0,11,20,14,13,23,23,13,17,19,17,26,33,15.8
1.0,9,20,13,11,21,22,11,17,16,15,25,46,29.2
2.0,10,24,12,13,23,24,24,22,19,17,30,49,34.8
2.0,10,20,14,11,21,23,11,17,22,15,25,46,29.0
2.0,13,22,14,14,24,27,28,23,18,19,33,54,43.8
1.0,10,24,12,13,23,24,24,22,23,17,30,49,35.1
2.0,7,20,13,10,20,25,24,16,17,18,21,44,25.4
2.0,11,21,13,12,23,25,26,17,16,19,29,51,37.0
2.0,18,20,14,13,24,26,11,17,16,16,26,48,33.8
2.0,9,13,13,11,21,22,11,17,13,15,25,46,29.0
2.0,4,20,10,10,20,20,20,13,20,10,22,38,19.0
2.0,10,20,14,11,21,23,27,26,16,16,15,48,31.0
1.0,11,20,13,22,23,23,27,23,19,15,22,38,23.3
2.0,10,20,14,11,21,25,11,17,17,15,25,46,28.8
2.0,11,21,13,12,23,25,26,17,23,19,29,51,37.4
2.0,7,20,13,10,20,18,24,16,14,18,21,44,25.5
1.0,6,22,9,10,10,23,21,22,19,11,23,39,16.1
1.0,10,20,14,11,21,18,11,17,13,15,25,46,28.9
1.0,8,19,19,10,20,24,20,13,16,16,22,38,19.2
2.0,10,24,12,13,23,27,22,18,22,17,20,49,34.7
2.0,13,22,14,14,24,25,28,23,14,19,33,54,43.3
1.0,8,20,11,10,21,21,25,17,19,16,29,26,9.0
1.0,8,21,12,11,21,22,24,17,16,18,26,47,30.1
2.0,9,20,13,11,21,12,11,17,15,15,25,46,28.8
1.0,8,18,11,11,20,27,24,17,22,16,23,44,26.0
2.0,13,22,14,19,24,25,28,23,16,19,33,54,46.5
1.0,11,20,12,14,24,23,27,24,16,18,31,53,42.2
2.0,11,20,13,13,22,23,27,23,16,17,32,52,38.5
2.0,8,18,14,11,20,23,23,13,21,25,23,49,32.0
2.0,11,20,14,12,22,24,24,10,20,24,23,38,20.3
2.0,10,21,13,13,21,22,24,22,19,15,25,46,29.5
2.0,8,21,19,12,21,21,23,13,21,25,23,49,33.3
2.0,8,21,11,15,20,23,26,17,15,15,27,48,32.7
2.0,4,19,10,10,20,20,20,13,13,10,22,38,19.0
2.0,9,20,13,11,24,24,25,18,15,17,26,47,32.0
1.0,4,19,10,10,20,20,20,13,13,10,22,38,18.8
1.0,11,20,12,13,24,25,27,16,18,10,31,53,41.4
1.0,2,20,13,10,20,25,24,16,23,18,21,44,25.5
2.0,10,24,13,10,25,27,26,20,16,15,26,47,32.0
1.0,11,21,13,12,23,20,25,13,19,25,23,38,20.7
1.0,13,20,19,15,22,20,26,18,15,10,25,49,35.4
1.0,9,18,14,11,20,23,22,13,19,25,23,46,28.2
2.0,10,20,11,15,20,23,27,22,19,15,27,47,30.9
2.0,13,21,10,11,24,21,23,13,15,10,28,54,41.9
2.0,12,21,15,12,27,22,24,14,16,11,27,56,48.3
1.0,9,20,13,11,21,22,11,17,16,15,25,46,28.8
1.0,11,19,10,11,24,25,20,17,18,10,22,38,20.8
2.0,9,20,13,11,20,23,12,18,17,15,26,38,19.2
1.0,8,20,12,10,24,24,11,13,13,11,22,47,31.6
2.0,6,22,9,10,10,18,21,22,14,10,23,29,8.9
1.0,11,21,13,12,20,16,20,16,19,15,27,29,11.4
,9,20,13,11,21,24,11,22,14,15,25,44,26.4
2.0,12,21,15,12,24,26,28,18,17,24,28,47,32.0
2.0,11,21,13,13,21,22,15,21,25,25,27,54,41.0
1.0,8,22,9,10,18,21,22,19,26,15,27,44,24.5
2.0,7,20,13,10,20,25,24,16,23,16,21,44,25.6
1.0,8,18,11,9,20,12,24,17,15,16,23,44,25.1
1.0,6,21,6,19,19,23,23,20,14,17,20,37,20.1
1.0,5,21,5,9,18,21,21,19,12,13,23,41,21.0
2.0,4,20,11,11,22,22,22,16,12,12,22,39,21.1
2.0,5,20,12,10,20,21,23,18,16,14,19,30,11.9
2.0,6,20,11,10,21,21,20,20,13,13,22,32,13.8
1.0,6,21,11,11,22,22,21,19,13,12,21,32,14.2
2.0,7,21,11,11,20,22,23,18,12,11,22,30,12.0
2.0,6,20,13,11,21,22,24,15,14,12,24,44,26.3
1.0,4,20,11,10,20,20,21,18,10,12,19,37,18.0
2.0,12,21,14,14,26,29,31,17,31,17,33,55,46.7
2.0,5,19,11,11,22,22,22,15,15,12,24,44,27.0
2.0,13,23,14,12,24,20,31,21,17,18,34,57,47.3
2.0,14,21,14,13,23,24,26,21,12,18,33,57,47.1
1.0,11,21,13,11,21,24,25,19,10,14,50,52,36.8
2.0,12,21,12,11,24,20,28,20,10,16,13,53,40.4
2.0,9,20,12,11,21,24,25,17,16,16,27,48,31.6
2.0,5,21,10,10,21,22,24,12,11,12,23,32,13.7
2.0,12,24,14,11,23,25,28,22,18,15,34,58,47.6
1.0,7,20,12,11,22,24,26,16,13,14,26,46,29.5
1.0,6,20,12,11,22,24,24,16,15,14,27,45,28.0
2.0,13,23,15,12,24,27,30,27,21,20,37,59,50.7
2.0,11,20,12,11,23,24,26,17,15,14,29,49,33.9
2.0,11,20,12,11,22,25,27,19,15,17,33,51,36.0
1.0,4,20,11,11,22,22,22,16,12,12,22,39,21.3
2.0,11,21,13,14,23,22,11,12,21,17,22,39,22.2
2.0,13,23,12,11,22,21,26,20,16,17,13,53,38.9
2.0,15,5,13,23,22,11,16,16,14,18,50,52,44.0
2.0,13,23,15,12,24,27,30,12,15,4,29,49,35.1
2.0,11,20,12,11,22,25,29,19,18,12,24,44,26.9
2.0,9,20,10,12,21,20,13,20,14,14,24,45,28.3
2.0,8,16,11,13,20,21,14,19,12,14,24,44,26.7
2.0,9,20,12,13,19,13,14,21,12,15,26,46,28.3
2.0,9,20,11,13,22,12,14,22,13,14,26,48,32.8
2.0,8,19,10,12,20,12,12,20,13,13,24,45,27.4
1.0,4,19,10,12,21,11,11,17,11,11,21,38,19.9
1.0,4,20,9,11,19,10,10,18,13,10,18,38,19.0
1.0,4,20,9,13,19,10,11,19,11,11,21,37,18.5
2.0,3,19,9,10,18,10,11,16,10,11,20,36,16.4
2.0,3,20,10,10,18,9,11,16,11,10,18,38,18.2
2.0,3,19,10,11,19,9,11,17,11,11,20,38,18.8
2.0,3,19,10,12,20,10,11,17,11,11,21,39,20.5
1.0,3,20,8,11,20,9,10,15,10,10,17,36,17.4
2.0,4,20,9,10,19,10,10,17,12,12,22,38,18.6
2.0,4,20,9,12,19,9,11,17,12,11,21,37,18.1
2.0,13,21,11,14,23,13,15,24,15,19,29,54,43.0
2.0,14,21,14,15,25,12,16,27,14,16,30,53,43.1
2.0,16,22,13,15,24,12,14,27,16,19,34,54,44.1
2.0,15,20,13,15,24,13,13,24,15,16,24,54,44.6
1.0,17,21,13,16,27,14,17,26,15,19,34,55,48.6
2.0,10,22,11,14,21,10,11,22,13,14,27,44,27.4
2.0,15,21,13,14,24,13,14,25,14,16,32,53,41.8
2.0,17,21,13,14,24,13,14,25,14,17,33,53,42.2
2.0,16,21,13,15,26,13,16,25,16,16,30,52,42.6
2.0,18,20,13,18,25,15,17,29,21,21,38,58,53.9
2.0,19,19,13,21,29,16,18,29,19,19,35,58,59.3
1.0,6,20,11,12,20,9,13,21,13,11,23,44,26.2
1.0,6,18,11,13,19,9,12,20,12,12,23,44,26.2
1.0,7,20,11,14,22,10,13,21,13,12,25,44,28.1
1.0,5,19,10,10,21,20,9,13,13,11,21,39,20.4
1.0,7,21,14,12,22,23,13,18,16,15,24,48,32.3
1.0,6,20,11,10,22,22,12,17,14,15,23,43,25.1
2.0,6,19,10,11,21,11,10,15,11,15,21,40,21.8
1.0,6,20,11,12,21,11,12,16,13,14,22,43,25.3
2.0,8,20,13,11,23,13,13,17,15,15,23,44,27.3
2.0,6,20,11,10,20,11,10,16,13,14,21,41,22.1
2.0,6,21,11,10,22,12,11,16,14,15,24,44,26.6
2.0,7,21,14,12,23,13,12,17,15,16,27,48,33.1
2.0,6,20,13,12,21,13,12,17,14,13,21,48,31.9
2.0,7,20,12,13,22,13,12,18,15,15,24,48,32.9
2.0,6,20,11,12,20,11,11,15,12,15,21,40,21.7
1.0,7,21,10,13,21,12,12,16,13,16,24,45,28.3
2.0,6,21,11,11,19,12,11,13,13,12,20,38,19.1
2.0,7,20,11,12,23,13,13,16,14,14,22,43,26.6
2.0,7,21,12,12,20,12,12,17,13,15,21,45,27.6
1.0,7,20,10,13,23,12,13,17,13,16,23,45,29.4
1.0,6,20,11,11,20,13,11,15,13,13,20,39,20.3
2.0,5,20,12,12,20,12,11,15,13,13,19,39,20.8
2.0,5,19,11,12,23,13,12,15,13,14,22,40,22.8
1.0,5,20,10,11,21,11,11,15,12,12,20,39,20.8
1.0,6,21,12,11,20,12,11,15,12,14,22,41,22.5
1.0,7,21,14,13,23,13,12,18,14,15,25,47,32.0
1.0,11,20,11,12,23,13,12,19,17,17,26,50,36.1
1.0,5,20,12,10,21,11,11,14,13,11,19,38,19.4
1.0,4,20,12,13,23,13,12,14,13,12,19,38,20.9
1.0,5,20,11,10,10,11,10,13,10,13,22,41,17.7
2.0,6,20,11,11,20,11,11,14,14,13,23,40,21.3
2.0,7,21,11,12,22,13,11,16,14,14,25,44,27.2
2.0,8,23,13,10,23,11,13,17,14,16,27,49,33.2
2.0,10,22,12,13,24,12,15,17,14,16,26,51,38.4
2.0,10,22,11,12,22,11,14,16,15,14,23,48,32.5
2.0,10,22,12,13,23,11,14,16,18,14,24,47,31.9
2.0,11,22,14,13,24,12,14,19,18,14,25,52,40.2
2.0,11,20,11,13,24,12,12,17,15,14,27,49,35.7
2.0,13,22,12,12,24,12,14,19,15,16,30,55,44.1
2.0,11,21,13,13,24,10,14,18,16,11,27,52,40.0
2.0,12,22,13,14,26,12,17,20,18,14,29,53,43.4
2.0,11,22,12,12,21,10,12,18,17,13,26,49,33.3
1.0,13,20,15,13,23,13,16,17,16,14,28,49,35.0
1.0,12,21,13,13,23,12,14,17,14,15,27,52,39.2
1.0,10,21,14,12,23,12,12,18,15,15,25,49,34.3
1.0,13,21,14,14,23,14,13,20,17,17,31,54,43.2
1.0,12,21,15,12,23,12,13,20,19,14,30,52,38.8
1.0,11,20,12,12,23,10,11,19,15,15,26,48,33.1
1.0,9,22,14,12,24,13,12,18,15,16,27,48,33.4
1.0,10,21,14,11,24,10,17,18,17,13,26,54,42.1
1.0,7,20,10,9,22,9,13,13,12,13,23,44,26.0
2.0,8,21,11,11,21,10,13,15,13,11,24,45,27.9
2.0,10,21,10,13,24,10,17,18,11,14,29,50,37.1
1.0,13,21,15,11,22,10,16,19,13,15,30,55,41.8
1.0,12,21,13,12,24,11,15,17,14,15,30,57,47.3
2.0,10,21,13,11,21,11,14,15,12,11,28,52,36.7
2.0,7,21,11,9,20,9,10,13,10,9,24,44,25.1
1.0,5,20,10,9,20,8,10,13,11,9,20,39,19.8
1.0,5,20,10,9,20,8,10,13,11,10,20,39,19.7
2.0,4,19,11,9,20,8,13,11,10,10,19,37,17.8
2.0,8,21,13,13,23,13,13,10,12,13,25,45,29.4
2.0,8,20,14,12,22,11,10,10,12,14,23,43,26.0
2.0,10,21,13,13,23,12,11,20,13,15,24,44,28.1
2.0,8,20,12,11,22,11,10,18,12,14,23,43,25.7
2.0,8,21,13,11,22,11,11,16,12,14,23,43,25.7
2.0,7,20,11,11,20,10,10,14,10,11,21,40,21.4
2.0,7,20,13,11,23,11,11,16,12,14,23,45,28.6
2.0,9,20,14,13,24,12,12,17,14,13,23,45,29.8
2.0,11,21,11,13,21,10,10,17,12,15,25,49,33.7
2.0,10,20,13,12,21,12,12,16,13,13,24,46,29.1
2.0,11,22,11,14,23,12,12,18,17,12,26,49,35.4
2.0,13,21,12,13,24,12,11,18,16,16,27,50,36.7
1.0,12,20,11,12,23,11,12,18,15,14,25,50,35.6
1.0,12,19,13,12,23,12,12,18,15,16,26,51,37.3
1.0,12,21,14,13,22,12,12,17,16,14,27,50,35.8
1.0,12,19,10,14,23,12,12,18,17,13,25,51,38.3
1.0,11,20,11,12,23,11,11,17,15,13,29,47,31.6
1.0,14,20,11,13,24,10,11,18,16,12,20,49,35.6
1.0,8,19,11,11,22,9,11,15,13,16,17,44,27.1
1.0,5,20,10,11,22,8,8,13,18,13,19,36,18.1
2.0,7,21,10,8,20,11,10,14,10,10,23,40,20.4
2.0,7,21,14,12,21,13,12,15,11,11,27,43,25.8
2.0,7,21,14,12,23,13,12,17,15,14,26,48,33.0
1.0,11,20,12,13,23,13,11,19,17,16,25,50,36.1
1.0,7,21,11,12,23,11,12,18,14,17,21,47,31.6
2.0,6,20,11,12,20,12,11,15,12,15,20,40,21.8
1.0,7,19,10,13,21,12,12,16,13,14,25,38,20.2
1.0,8,22,10,11,20,20,12,17,14,12,21,47,29.6
1.0,5,19,10,10,21,12,9,13,13,11,21,39,20.5
1.0,8,20,12,11,23,13,13,17,15,13,21,41,23.6
2.0,6,20,13,11,21,22,24,15,14,12,24,44,26.6
2.0,4,20,11,11,22,22,22,16,12,12,22,39,21.0
1.0,12,20,13,12,23,26,27,19,16,20,25,49,34.5
1.0,15,20,17,15,23,17,24,24,20,19,23,57,48.3
1.0,13,20,12,15,22,24,25,17,17,20,32,50,36.5
1.0,12,21,14,12,26,11,14,20,17,14,29,50,37.7
1.0,11,20,13,11,22,12,14,18,19,13,25,49,33.6
1.0,13,19,16,14,22,13,28,18,21,12,34,52,38.8
2.0,7,20,12,11,23,23,23,20,17,15,24,43,26.3
2.0,5,20,11,10,21,21,23,19,13,13,21,39,20.5
2.0,7,20,11,9,19,21,21,19,13,13,21,39,19.3
1.0,5,21,12,9,10,21,21,19,13,13,23,41,17.6
2.0,7,21,11,11,20,22,21,19,12,12,21,31,12.7
2.0,6,20,11,10,21,21,20,20,15,13,22,32,13.8
2.0,7,20,11,10,20,21,20,18,17,15,15,31,12.7
2.0,5,21,12,12,21,21,26,21,13,20,20,40,22.2
2.0,5,20,11,11,21,21,23,20,12,20,21,34,15.8
2.0,6,21,13,11,20,22,24,17,12,21,22,39,20.5
1.0,17,21,11,14,26,25,18,21,19,19,34,59,54.0
2.0,5,21,15,11,22,23,23,17,15,13,22,43,25.6
1.0,13,21,8,12,22,14,29,27,22,16,25,23,7.4
2.0,2,18,15,8,20,19,20,14,13,11,18,32,13.1
1.0,10,20,12,12,22,14,29,27,22,16,25,23,7.4
2.0,10,21,12,12,22,24,26,21,15,14,25,45,28.5
2.0,13,22,6,14,25,18,30,21,20,16,33,59,52.6
1.0,10,21,11,12,22,2,26,21,15,14,25,45,28.4
1.0,4,20,17,11,22,22,22,17,12,12,22,40,22.1
1.0,13,20,15,14,25,18,30,21,20,16,33,59,52.9
2.0,4,20,15,10,20,20,21,18,10,12,19,37,18.0
