distance_moved_meters,time_elapsed_seconds,velocity_mps,direction_change_degrees,zone_dwell_time_seconds,intent_class
9.3,10.0,0.93,2.5,11.2,Transiting
9.1,10.0,0.91,6.7,10.2,Transiting
3.2,10.0,0.32,175.1,262.5,Browsing
1.8,10.0,0.18,170.5,207.7,Browsing
3.9,10.0,0.39,125.8,263.1,Browsing
15.9,10.0,1.59,3.9,12.2,Transiting
11.0,10.0,1.1,13.6,22.3,Transiting
4.1,10.0,0.41,92.1,197.8,Browsing
8.6,10.0,0.86,3.7,17.7,Transiting
12.5,10.0,1.25,8.7,17.7,Transiting
14.4,10.0,1.44,12.7,34.2,Transiting
1.2,10.0,0.12,54.5,113.3,Browsing
3.6,10.0,0.36,76.0,160.3,Browsing
10.7,10.0,1.07,4.3,22.0,Transiting
1.9,10.0,0.19,31.3,91.3,Browsing
16.9,10.0,1.69,12.0,22.9,Transiting
1.8,10.0,0.18,40.5,135.0,Browsing
17.9,10.0,1.79,6.4,28.5,Transiting
1.8,10.0,0.18,43.5,247.4,Browsing
3.2,10.0,0.32,124.4,237.0,Browsing
1.0,10.0,0.1,116.9,114.8,Browsing
13.4,10.0,1.34,14.2,26.0,Transiting
0.0,10.0,0.0,42.7,290.8,Browsing
7.2,10.0,0.72,9.0,30.1,Transiting
4.0,10.0,0.4,76.9,241.6,Browsing
9.5,10.0,0.95,14.3,33.8,Transiting
15.5,10.0,1.55,14.2,22.7,Transiting
2.1,10.0,0.21,119.6,183.7,Browsing
0.6,10.0,0.06,104.4,235.0,Browsing
15.9,10.0,1.59,3.8,32.9,Transiting
17.8,10.0,1.78,6.8,16.4,Transiting
3.3,10.0,0.33,89.1,167.9,Browsing
9.1,10.0,0.91,9.2,14.7,Transiting
12.1,10.0,1.21,0.2,20.5,Transiting
0.1,10.0,0.01,60.9,182.0,Browsing
16.4,10.0,1.64,6.6,15.8,Transiting
13.1,10.0,1.31,4.4,28.7,Transiting
10.4,10.0,1.04,2.2,14.3,Transiting
0.1,10.0,0.01,133.8,239.8,Browsing
2.4,10.0,0.24,137.1,209.2,Browsing
1.8,10.0,0.18,100.0,51.8,Browsing
0.7,10.0,0.07,101.4,149.7,Browsing
13.8,10.0,1.38,1.0,13.9,Transiting
3.7,10.0,0.37,80.7,212.7,Browsing
6.5,10.0,0.65,3.7,20.3,Transiting
1.3,10.0,0.13,87.2,297.0,Browsing
2.6,10.0,0.26,69.4,295.6,Browsing
15.2,10.0,1.52,3.5,23.5,Transiting
13.5,10.0,1.35,6.2,25.7,Transiting
8.0,10.0,0.8,11.5,24.7,Transiting
2.0,10.0,0.2,141.3,55.0,Browsing
1.9,10.0,0.19,40.7,40.8,Browsing
0.6,10.0,0.06,130.7,221.4,Browsing
6.4,10.0,0.64,11.2,22.9,Transiting
0.2,10.0,0.02,128.5,104.3,Browsing
2.3,10.0,0.23,98.5,195.7,Browsing
8.2,10.0,0.82,9.5,23.0,Transiting
0.1,10.0,0.01,122.3,128.7,Browsing
15.7,10.0,1.57,0.6,28.4,Transiting
7.5,10.0,0.75,10.0,30.9,Transiting
15.6,10.0,1.56,11.2,10.5,Transiting
6.1,10.0,0.61,0.6,13.2,Transiting
13.6,10.0,1.36,13.9,13.0,Transiting
13.0,10.0,1.3,9.2,25.5,Transiting
13.7,10.0,1.37,0.3,22.0,Transiting
3.1,10.0,0.31,112.5,170.0,Browsing
12.3,10.0,1.23,11.4,26.9,Transiting
11.9,10.0,1.19,13.6,26.1,Transiting
7.9,10.0,0.79,8.1,19.5,Transiting
7.6,10.0,0.76,3.8,10.3,Transiting
7.7,10.0,0.77,9.1,14.5,Transiting
3.6,10.0,0.36,133.7,181.9,Browsing
14.8,10.0,1.48,14.2,12.9,Transiting
0.2,10.0,0.02,65.1,268.0,Browsing
1.1,10.0,0.11,140.6,164.1,Browsing
0.3,10.0,0.03,113.6,193.6,Browsing
14.0,10.0,1.4,2.2,32.0,Transiting
15.4,10.0,1.54,3.2,21.9,Transiting
3.0,10.0,0.3,39.2,131.6,Browsing
12.2,10.0,1.22,1.4,12.6,Transiting
3.8,10.0,0.38,177.3,268.3,Browsing
3.5,10.0,0.35,106.8,214.3,Browsing
4.1,10.0,0.41,79.3,265.8,Browsing
0.3,10.0,0.03,119.2,244.1,Browsing
2.3,10.0,0.23,177.9,71.6,Browsing
2.3,10.0,0.23,96.4,196.9,Browsing
17.0,10.0,1.7,0.2,14.7,Transiting
17.4,10.0,1.74,14.7,28.3,Transiting
0.3,10.0,0.03,164.4,231.1,Browsing
16.5,10.0,1.65,10.5,34.0,Transiting
10.0,10.0,1.0,10.2,17.6,Transiting
2.2,10.0,0.22,45.9,124.5,Browsing
10.4,10.0,1.04,2.5,29.4,Transiting
0.5,10.0,0.05,66.0,72.2,Browsing
13.2,10.0,1.32,2.8,13.8,Transiting
3.0,10.0,0.3,62.7,265.9,Browsing
0.8,10.0,0.08,125.6,149.7,Browsing
1.6,10.0,0.16,143.4,257.5,Browsing
2.3,10.0,0.23,143.2,112.8,Browsing
2.8,10.0,0.28,82.6,205.8,Browsing
10.8,10.0,1.08,12.0,16.7,Transiting
15.9,10.0,1.59,7.8,31.2,Transiting
2.6,10.0,0.26,79.4,133.8,Browsing
1.3,10.0,0.13,45.4,48.1,Browsing
9.3,10.0,0.93,8.1,29.2,Transiting
12.4,10.0,1.24,4.1,16.1,Transiting
11.5,10.0,1.15,4.4,19.2,Transiting
1.7,10.0,0.17,71.4,211.1,Browsing
4.1,10.0,0.41,142.5,179.9,Browsing
3.3,10.0,0.33,40.3,113.4,Browsing
12.4,10.0,1.24,14.9,25.8,Transiting
17.5,10.0,1.75,7.2,13.4,Transiting
9.2,10.0,0.92,6.2,34.3,Transiting
4.4,10.0,0.44,98.7,136.8,Browsing
18.0,10.0,1.8,13.7,17.9,Transiting
2.0,10.0,0.2,42.0,114.5,Browsing
7.5,10.0,0.75,3.0,24.0,Transiting
9.6,10.0,0.96,12.9,16.6,Transiting
11.0,10.0,1.1,2.1,34.6,Transiting
13.8,10.0,1.38,14.8,30.3,Transiting
3.9,10.0,0.39,60.1,226.2,Browsing
12.0,10.0,1.2,5.3,13.3,Transiting
7.7,10.0,0.77,0.7,18.0,Transiting
13.7,10.0,1.37,7.9,22.5,Transiting
0.9,10.0,0.09,104.9,135.2,Browsing
15.6,10.0,1.56,12.4,22.2,Transiting
0.6,10.0,0.06,85.1,277.8,Browsing
12.9,10.0,1.29,10.3,17.4,Transiting
17.3,10.0,1.73,9.4,27.7,Transiting
4.4,10.0,0.44,148.9,44.0,Browsing
2.3,10.0,0.23,161.9,71.5,Browsing
2.9,10.0,0.29,148.4,93.9,Browsing
14.9,10.0,1.49,14.4,15.9,Transiting
4.1,10.0,0.41,47.0,111.7,Browsing
10.3,10.0,1.03,2.9,10.7,Transiting
7.8,10.0,0.78,8.3,25.6,Transiting
2.9,10.0,0.29,123.9,47.2,Browsing
8.5,10.0,0.85,12.6,21.6,Transiting
2.6,10.0,0.26,96.6,51.9,Browsing
17.6,10.0,1.76,9.7,17.7,Transiting
1.2,10.0,0.12,160.7,145.9,Browsing
2.8,10.0,0.28,56.9,135.7,Browsing
2.1,10.0,0.21,73.2,54.6,Browsing
2.6,10.0,0.26,128.2,116.9,Browsing
3.6,10.0,0.36,31.7,91.2,Browsing
8.6,10.0,0.86,13.6,12.3,Transiting
4.3,10.0,0.43,39.9,119.6,Browsing
12.5,10.0,1.25,4.9,24.6,Transiting
11.3,10.0,1.13,10.4,12.6,Transiting
6.7,10.0,0.67,2.7,26.4,Transiting
17.9,10.0,1.79,3.1,17.5,Transiting
1.5,10.0,0.15,96.6,85.6,Browsing
14.4,10.0,1.44,6.8,17.6,Transiting
0.6,10.0,0.06,80.0,240.8,Browsing
13.4,10.0,1.34,9.5,29.4,Transiting
8.8,10.0,0.88,8.5,34.3,Transiting
12.9,10.0,1.29,1.2,22.5,Transiting
0.8,10.0,0.08,116.4,196.6,Browsing
14.6,10.0,1.46,12.1,28.4,Transiting
8.7,10.0,0.87,1.2,22.4,Transiting
3.4,10.0,0.34,38.9,92.4,Browsing
0.9,10.0,0.09,38.1,119.4,Browsing
1.1,10.0,0.11,51.9,106.4,Browsing
11.2,10.0,1.12,0.1,29.7,Transiting
2.7,10.0,0.27,159.3,69.0,Browsing
11.8,10.0,1.18,6.1,33.7,Transiting
3.7,10.0,0.37,151.5,176.5,Browsing
6.7,10.0,0.67,8.0,13.6,Transiting
4.3,10.0,0.43,87.3,191.5,Browsing
3.9,10.0,0.39,108.2,193.8,Browsing
0.7,10.0,0.07,149.6,167.0,Browsing
7.7,10.0,0.77,5.3,16.5,Transiting
11.7,10.0,1.17,11.5,24.6,Transiting
2.5,10.0,0.25,170.7,170.5,Browsing
3.7,10.0,0.37,111.3,43.0,Browsing
14.5,10.0,1.45,10.7,17.7,Transiting
2.6,10.0,0.26,168.6,175.0,Browsing
15.8,10.0,1.58,3.4,21.7,Transiting
0.1,10.0,0.01,30.9,204.5,Browsing
10.6,10.0,1.06,11.9,15.4,Transiting
3.1,10.0,0.31,119.4,237.7,Browsing
4.2,10.0,0.42,62.8,195.0,Browsing
14.8,10.0,1.48,8.0,23.9,Transiting
9.7,10.0,0.97,2.9,13.9,Transiting
9.0,10.0,0.9,3.9,23.1,Transiting
3.8,10.0,0.38,61.0,175.5,Browsing
13.3,10.0,1.33,14.6,12.6,Transiting
3.8,10.0,0.38,121.9,122.3,Browsing
15.6,10.0,1.56,12.1,17.0,Transiting
0.7,10.0,0.07,72.9,251.9,Browsing
8.6,10.0,0.86,9.0,29.6,Transiting
1.7,10.0,0.17,111.0,50.5,Browsing
3.8,10.0,0.38,53.0,181.7,Browsing
3.2,10.0,0.32,78.5,266.3,Browsing
16.3,10.0,1.63,3.9,31.9,Transiting
9.8,10.0,0.98,8.4,27.4,Transiting
1.5,10.0,0.15,73.1,299.6,Browsing
1.7,10.0,0.17,114.9,41.0,Browsing
1.3,10.0,0.13,153.3,146.3,Browsing
3.8,10.0,0.38,34.9,143.0,Browsing
1.5,10.0,0.15,140.2,171.7,Browsing
4.2,10.0,0.42,66.6,282.9,Browsing
11.9,10.0,1.19,12.5,30.1,Transiting
4.0,10.0,0.4,34.4,292.4,Browsing
4.0,10.0,0.4,54.6,188.3,Browsing
1.2,10.0,0.12,93.1,58.5,Browsing
3.3,10.0,0.33,33.9,266.7,Browsing
4.1,10.0,0.41,176.8,196.1,Browsing
2.8,10.0,0.28,174.9,204.9,Browsing
8.9,10.0,0.89,9.7,34.5,Transiting
3.1,10.0,0.31,91.1,219.6,Browsing
3.2,10.0,0.32,143.0,56.4,Browsing
0.9,10.0,0.09,158.8,144.3,Browsing
8.0,10.0,0.8,3.2,13.6,Transiting
11.3,10.0,1.13,8.9,10.7,Transiting
13.8,10.0,1.38,0.6,31.7,Transiting
10.9,10.0,1.09,0.3,15.3,Transiting
13.0,10.0,1.3,6.6,16.8,Transiting
2.9,10.0,0.29,132.2,287.3,Browsing
9.6,10.0,0.96,13.2,16.4,Transiting
6.8,10.0,0.68,12.1,12.7,Transiting
12.8,10.0,1.28,4.0,11.8,Transiting
0.2,10.0,0.02,41.8,87.0,Browsing
1.5,10.0,0.15,175.3,149.3,Browsing
11.9,10.0,1.19,9.3,17.6,Transiting
6.0,10.0,0.6,9.6,13.9,Transiting
11.2,10.0,1.12,14.5,21.0,Transiting
14.9,10.0,1.49,2.4,10.1,Transiting
2.9,10.0,0.29,172.6,116.4,Browsing
1.3,10.0,0.13,57.3,240.1,Browsing
12.1,10.0,1.21,0.2,34.2,Transiting
1.7,10.0,0.17,86.5,212.5,Browsing
4.1,10.0,0.41,54.1,45.8,Browsing
14.0,10.0,1.4,9.1,19.8,Transiting
0.3,10.0,0.03,68.0,290.4,Browsing
2.5,10.0,0.25,178.6,110.1,Browsing
1.9,10.0,0.19,172.9,219.5,Browsing
1.5,10.0,0.15,113.4,87.9,Browsing
3.7,10.0,0.37,55.8,101.1,Browsing
2.1,10.0,0.21,160.5,260.8,Browsing
14.7,10.0,1.47,7.5,13.6,Transiting
9.7,10.0,0.97,13.4,11.7,Transiting
2.4,10.0,0.24,42.0,277.8,Browsing
11.7,10.0,1.17,8.6,32.5,Transiting
0.4,10.0,0.04,136.8,200.5,Browsing
12.0,10.0,1.2,3.5,12.7,Transiting
11.0,10.0,1.1,2.0,15.2,Transiting
16.6,10.0,1.66,5.3,27.8,Transiting
0.5,10.0,0.05,122.0,157.8,Browsing
2.6,10.0,0.26,116.4,92.8,Browsing
3.1,10.0,0.31,51.7,127.0,Browsing
8.4,10.0,0.84,2.5,15.5,Transiting
13.5,10.0,1.35,1.8,24.3,Transiting
15.6,10.0,1.56,7.5,18.2,Transiting
2.9,10.0,0.29,165.5,183.1,Browsing
13.9,10.0,1.39,8.6,11.8,Transiting
11.2,10.0,1.12,0.6,13.3,Transiting
8.8,10.0,0.88,5.8,31.9,Transiting
4.1,10.0,0.41,175.5,150.8,Browsing
2.3,10.0,0.23,174.0,282.5,Browsing
13.2,10.0,1.32,1.0,20.0,Transiting
1.3,10.0,0.13,169.4,225.0,Browsing
9.7,10.0,0.97,12.5,21.7,Transiting
2.9,10.0,0.29,42.5,284.9,Browsing
0.4,10.0,0.04,166.9,130.4,Browsing
7.6,10.0,0.76,13.0,19.6,Transiting
9.5,10.0,0.95,9.5,17.0,Transiting
10.4,10.0,1.04,0.0,13.3,Transiting
1.2,10.0,0.12,141.8,116.4,Browsing
3.6,10.0,0.36,52.1,261.6,Browsing
3.1,10.0,0.31,127.4,106.2,Browsing
11.1,10.0,1.11,4.9,21.3,Transiting
7.6,10.0,0.76,9.2,14.7,Transiting
14.8,10.0,1.48,6.3,32.3,Transiting
3.9,10.0,0.39,133.4,298.4,Browsing
0.1,10.0,0.01,132.9,106.9,Browsing
16.7,10.0,1.67,2.6,26.0,Transiting
3.6,10.0,0.36,175.2,105.7,Browsing
7.6,10.0,0.76,1.7,29.0,Transiting
17.3,10.0,1.73,6.0,20.2,Transiting
7.3,10.0,0.73,2.0,25.6,Transiting
14.0,10.0,1.4,5.8,19.7,Transiting
1.8,10.0,0.18,110.5,250.9,Browsing
13.1,10.0,1.31,13.7,21.3,Transiting
10.5,10.0,1.05,8.3,15.2,Transiting
0.1,10.0,0.01,69.6,188.7,Browsing
9.2,10.0,0.92,0.3,11.5,Transiting
4.3,10.0,0.43,175.6,159.8,Browsing
2.1,10.0,0.21,129.0,289.4,Browsing
17.9,10.0,1.79,0.9,21.2,Transiting
4.0,10.0,0.4,104.6,190.2,Browsing
2.1,10.0,0.21,44.5,213.0,Browsing
1.2,10.0,0.12,99.5,102.9,Browsing
8.4,10.0,0.84,5.6,29.9,Transiting
17.7,10.0,1.77,11.7,28.0,Transiting
2.1,10.0,0.21,142.1,102.9,Browsing
2.4,10.0,0.24,49.6,46.6,Browsing
15.0,10.0,1.5,12.3,33.9,Transiting
3.2,10.0,0.32,144.8,236.4,Browsing
4.0,10.0,0.4,70.3,208.9,Browsing
0.2,10.0,0.02,176.4,196.6,Browsing
12.4,10.0,1.24,12.5,25.2,Transiting
15.4,10.0,1.54,5.8,15.3,Transiting
14.1,10.0,1.41,14.8,30.1,Transiting
0.8,10.0,0.08,153.6,293.1,Browsing
1.8,10.0,0.18,109.0,135.8,Browsing
3.6,10.0,0.36,148.9,110.4,Browsing
15.5,10.0,1.55,11.7,27.6,Transiting
7.5,10.0,0.75,14.5,16.5,Transiting
9.8,10.0,0.98,8.8,10.5,Transiting
3.8,10.0,0.38,65.7,116.9,Browsing
15.5,10.0,1.55,10.0,10.7,Transiting
0.9,10.0,0.09,145.1,184.0,Browsing
16.8,10.0,1.68,14.1,32.0,Transiting
12.6,10.0,1.26,3.3,11.2,Transiting
10.6,10.0,1.06,14.7,12.6,Transiting
8.5,10.0,0.85,2.5,17.0,Transiting
16.9,10.0,1.69,3.4,12.1,Transiting
0.2,10.0,0.02,140.4,52.3,Browsing
12.0,10.0,1.2,13.9,13.7,Transiting
3.9,10.0,0.39,133.7,240.0,Browsing
1.4,10.0,0.14,63.4,146.5,Browsing
4.0,10.0,0.4,135.2,41.9,Browsing
0.8,10.0,0.08,113.6,207.4,Browsing
3.5,10.0,0.35,172.7,297.9,Browsing
4.5,10.0,0.45,48.2,278.5,Browsing
2.3,10.0,0.23,67.8,211.2,Browsing
1.4,10.0,0.14,156.9,281.2,Browsing
3.2,10.0,0.32,162.3,193.1,Browsing
10.3,10.0,1.03,12.4,12.8,Transiting
9.0,10.0,0.9,5.3,25.7,Transiting
13.0,10.0,1.3,14.3,32.3,Transiting
0.3,10.0,0.03,44.0,119.9,Browsing
0.2,10.0,0.02,57.9,175.1,Browsing
6.3,10.0,0.63,5.2,26.2,Transiting
8.2,10.0,0.82,3.8,12.3,Transiting
17.4,10.0,1.74,5.8,34.1,Transiting
1.3,10.0,0.13,91.4,222.7,Browsing
0.8,10.0,0.08,105.1,277.4,Browsing
16.4,10.0,1.64,9.6,26.5,Transiting
1.9,10.0,0.19,118.1,293.5,Browsing
17.1,10.0,1.71,14.9,16.5,Transiting
10.4,10.0,1.04,8.7,12.8,Transiting
10.3,10.0,1.03,6.2,13.9,Transiting
15.3,10.0,1.53,10.7,19.8,Transiting
14.6,10.0,1.46,8.0,18.9,Transiting
9.9,10.0,0.99,4.3,20.7,Transiting
3.6,10.0,0.36,31.9,133.6,Browsing
12.4,10.0,1.24,10.1,20.7,Transiting
3.1,10.0,0.31,70.7,191.8,Browsing
4.2,10.0,0.42,75.4,272.6,Browsing
13.0,10.0,1.3,7.6,32.9,Transiting
7.8,10.0,0.78,10.8,14.5,Transiting
2.5,10.0,0.25,44.9,232.7,Browsing
9.9,10.0,0.99,15.0,15.5,Transiting
14.8,10.0,1.48,10.4,31.8,Transiting
6.2,10.0,0.62,7.6,19.1,Transiting
3.7,10.0,0.37,138.0,108.1,Browsing
1.7,10.0,0.17,81.6,183.6,Browsing
3.3,10.0,0.33,57.1,78.6,Browsing
10.3,10.0,1.03,9.2,25.7,Transiting
0.3,10.0,0.03,111.2,237.7,Browsing
14.9,10.0,1.49,4.4,28.7,Transiting
3.7,10.0,0.37,116.0,61.7,Browsing
14.4,10.0,1.44,2.4,32.4,Transiting
17.8,10.0,1.78,13.3,14.9,Transiting
3.9,10.0,0.39,80.2,202.7,Browsing
2.3,10.0,0.23,84.1,124.8,Browsing
8.4,10.0,0.84,6.5,18.6,Transiting
2.8,10.0,0.28,150.2,84.9,Browsing
2.7,10.0,0.27,30.2,57.6,Browsing
14.0,10.0,1.4,10.2,17.5,Transiting
1.6,10.0,0.16,39.5,99.8,Browsing
13.8,10.0,1.38,10.4,23.5,Transiting
3.2,10.0,0.32,139.1,239.2,Browsing
8.3,10.0,0.83,8.4,28.4,Transiting
15.4,10.0,1.54,9.6,23.0,Transiting
2.0,10.0,0.2,43.4,90.7,Browsing
0.2,10.0,0.02,74.2,241.4,Browsing
16.7,10.0,1.67,10.4,29.8,Transiting
15.2,10.0,1.52,8.7,16.8,Transiting
16.0,10.0,1.6,2.8,30.4,Transiting
2.7,10.0,0.27,168.5,111.3,Browsing
17.6,10.0,1.76,5.8,12.0,Transiting
15.3,10.0,1.53,12.1,15.4,Transiting
3.6,10.0,0.36,118.2,131.7,Browsing
11.5,10.0,1.15,0.4,17.8,Transiting
10.3,10.0,1.03,4.8,23.0,Transiting
13.7,10.0,1.37,9.8,30.9,Transiting
2.4,10.0,0.24,123.9,113.9,Browsing
10.4,10.0,1.04,5.2,12.7,Transiting
14.4,10.0,1.44,7.2,14.9,Transiting
3.0,10.0,0.3,34.7,68.8,Browsing
3.6,10.0,0.36,142.2,268.3,Browsing
10.4,10.0,1.04,6.5,20.6,Transiting
10.9,10.0,1.09,4.4,16.7,Transiting
13.4,10.0,1.34,6.3,33.3,Transiting
3.3,10.0,0.33,163.8,114.3,Browsing
3.9,10.0,0.39,63.2,228.4,Browsing
9.5,10.0,0.95,6.9,33.3,Transiting
4.1,10.0,0.41,71.4,241.2,Browsing
1.0,10.0,0.1,83.0,46.1,Browsing
9.1,10.0,0.91,3.8,25.2,Transiting
14.1,10.0,1.41,5.0,13.9,Transiting
3.4,10.0,0.34,138.5,200.1,Browsing
0.9,10.0,0.09,79.7,53.5,Browsing
0.3,10.0,0.03,74.0,226.2,Browsing
1.3,10.0,0.13,175.6,227.8,Browsing
2.2,10.0,0.22,162.4,190.8,Browsing
1.3,10.0,0.13,90.5,196.3,Browsing
6.5,10.0,0.65,10.2,21.1,Transiting
3.0,10.0,0.3,63.7,74.3,Browsing
2.4,10.0,0.24,84.4,75.7,Browsing
9.1,10.0,0.91,11.4,14.8,Transiting
17.3,10.0,1.73,13.4,10.0,Transiting
3.5,10.0,0.35,88.6,284.4,Browsing
8.5,10.0,0.85,2.6,16.2,Transiting
1.1,10.0,0.11,109.8,257.5,Browsing
16.3,10.0,1.63,9.5,30.4,Transiting
14.0,10.0,1.4,8.8,29.4,Transiting
11.7,10.0,1.17,13.9,32.9,Transiting
2.3,10.0,0.23,63.7,234.5,Browsing
0.6,10.0,0.06,39.9,283.0,Browsing
8.1,10.0,0.81,6.2,17.3,Transiting
11.1,10.0,1.11,8.6,22.3,Transiting
7.2,10.0,0.72,10.5,31.0,Transiting
10.0,10.0,1.0,0.3,16.5,Transiting
9.7,10.0,0.97,13.1,30.1,Transiting
8.6,10.0,0.86,2.6,20.0,Transiting
4.1,10.0,0.41,158.7,96.3,Browsing
2.3,10.0,0.23,141.1,74.2,Browsing
0.9,10.0,0.09,135.7,180.9,Browsing
17.0,10.0,1.7,10.7,19.2,Transiting
9.5,10.0,0.95,0.4,23.7,Transiting
17.0,10.0,1.7,0.2,31.7,Transiting
3.7,10.0,0.37,49.3,100.9,Browsing
3.4,10.0,0.34,110.5,151.1,Browsing
9.8,10.0,0.98,1.0,28.4,Transiting
1.5,10.0,0.15,116.5,243.5,Browsing
3.2,10.0,0.32,61.5,212.0,Browsing
13.2,10.0,1.32,7.3,27.7,Transiting
2.0,10.0,0.2,31.4,40.2,Browsing
14.0,10.0,1.4,5.4,27.6,Transiting
2.5,10.0,0.25,56.3,191.5,Browsing
17.8,10.0,1.78,3.9,24.0,Transiting
11.1,10.0,1.11,2.9,12.1,Transiting
0.6,10.0,0.06,113.1,158.5,Browsing
13.7,10.0,1.37,0.5,22.5,Transiting
9.7,10.0,0.97,15.0,21.5,Transiting
2.2,10.0,0.22,45.8,185.7,Browsing
2.7,10.0,0.27,58.5,70.9,Browsing
0.7,10.0,0.07,43.0,215.7,Browsing
16.4,10.0,1.64,10.7,16.7,Transiting
1.5,10.0,0.15,171.3,75.7,Browsing
0.3,10.0,0.03,71.7,222.4,Browsing
13.1,10.0,1.31,5.8,15.5,Transiting
0.7,10.0,0.07,137.8,62.9,Browsing
15.2,10.0,1.52,7.6,18.7,Transiting
1.9,10.0,0.19,149.1,79.3,Browsing
3.3,10.0,0.33,75.8,188.2,Browsing
16.6,10.0,1.66,6.0,10.9,Transiting
3.7,10.0,0.37,59.5,190.8,Browsing
12.6,10.0,1.26,5.3,24.4,Transiting
11.3,10.0,1.13,0.5,19.5,Transiting
8.2,10.0,0.82,9.6,26.3,Transiting
15.8,10.0,1.58,0.7,10.7,Transiting
8.0,10.0,0.8,8.3,24.1,Transiting
3.5,10.0,0.35,137.0,116.8,Browsing
1.8,10.0,0.18,166.5,288.7,Browsing
3.8,10.0,0.38,178.2,111.5,Browsing
0.3,10.0,0.03,163.0,110.3,Browsing
9.3,10.0,0.93,9.1,13.4,Transiting
4.3,10.0,0.43,87.0,156.8,Browsing
4.5,10.0,0.45,95.8,152.8,Browsing
6.6,10.0,0.66,6.4,19.1,Transiting
0.3,10.0,0.03,142.4,198.9,Browsing
11.5,10.0,1.15,4.3,30.7,Transiting
10.3,10.0,1.03,5.4,33.3,Transiting
1.6,10.0,0.16,169.4,261.8,Browsing
10.6,10.0,1.06,4.2,15.5,Transiting
15.2,10.0,1.52,9.2,27.2,Transiting
1.9,10.0,0.19,85.8,256.9,Browsing
0.0,10.0,0.0,144.9,61.4,Browsing
8.4,10.0,0.84,3.4,16.8,Transiting
2.4,10.0,0.24,166.1,41.9,Browsing
17.0,10.0,1.7,8.6,21.7,Transiting
3.3,10.0,0.33,109.7,129.5,Browsing
6.0,10.0,0.6,13.1,30.1,Transiting
7.9,10.0,0.79,8.5,27.5,Transiting
0.7,10.0,0.07,35.4,154.3,Browsing
1.2,10.0,0.12,113.3,130.2,Browsing
0.5,10.0,0.05,56.4,154.8,Browsing
14.0,10.0,1.4,7.3,24.5,Transiting
8.2,10.0,0.82,6.9,10.5,Transiting
4.4,10.0,0.44,89.6,282.8,Browsing
1.7,10.0,0.17,95.2,123.2,Browsing
2.0,10.0,0.2,74.6,175.6,Browsing
2.0,10.0,0.2,51.8,234.5,Browsing
4.1,10.0,0.41,38.9,122.7,Browsing
14.8,10.0,1.48,8.4,25.0,Transiting
1.9,10.0,0.19,121.6,189.9,Browsing
17.1,10.0,1.71,6.5,26.7,Transiting
15.1,10.0,1.51,8.9,30.0,Transiting
2.7,10.0,0.27,50.6,46.8,Browsing
1.0,10.0,0.1,177.0,161.2,Browsing
3.8,10.0,0.38,61.8,128.6,Browsing
4.1,10.0,0.41,142.8,242.5,Browsing
8.5,10.0,0.85,1.7,15.5,Transiting
15.7,10.0,1.57,8.6,28.2,Transiting
12.0,10.0,1.2,11.4,33.3,Transiting
10.4,10.0,1.04,6.0,29.2,Transiting
7.1,10.0,0.71,6.7,25.4,Transiting
0.1,10.0,0.01,66.0,186.8,Browsing
10.3,10.0,1.03,12.6,18.1,Transiting
7.4,10.0,0.74,9.9,18.3,Transiting
10.6,10.0,1.06,6.5,16.9,Transiting
1.6,10.0,0.16,98.4,96.9,Browsing
1.5,10.0,0.15,97.6,253.7,Browsing
1.6,10.0,0.16,87.8,126.6,Browsing
10.7,10.0,1.07,4.5,16.8,Transiting
17.3,10.0,1.73,2.1,23.5,Transiting
12.3,10.0,1.23,8.5,18.1,Transiting
1.5,10.0,0.15,45.7,208.3,Browsing
3.0,10.0,0.3,71.9,173.0,Browsing
9.0,10.0,0.9,4.8,12.6,Transiting
1.5,10.0,0.15,162.3,53.0,Browsing
1.6,10.0,0.16,30.7,157.0,Browsing
1.0,10.0,0.1,161.1,54.9,Browsing
10.9,10.0,1.09,1.2,18.1,Transiting
15.5,10.0,1.55,1.2,23.8,Transiting
9.5,10.0,0.95,10.4,34.6,Transiting
6.7,10.0,0.67,5.6,12.2,Transiting
3.1,10.0,0.31,62.3,138.6,Browsing
4.1,10.0,0.41,35.0,144.7,Browsing
7.1,10.0,0.71,13.0,10.2,Transiting
1.2,10.0,0.12,112.9,137.7,Browsing
10.0,10.0,1.0,13.3,33.6,Transiting
0.1,10.0,0.01,95.7,47.6,Browsing
1.2,10.0,0.12,175.8,82.4,Browsing
0.9,10.0,0.09,61.2,55.5,Browsing
7.3,10.0,0.73,7.2,29.2,Transiting
3.8,10.0,0.38,66.0,99.4,Browsing
7.0,10.0,0.7,10.1,32.2,Transiting
9.1,10.0,0.91,7.3,32.5,Transiting
17.3,10.0,1.73,8.1,31.0,Transiting
0.4,10.0,0.04,100.0,114.6,Browsing
2.9,10.0,0.29,142.6,161.0,Browsing
17.4,10.0,1.74,7.5,30.9,Transiting
6.3,10.0,0.63,8.5,32.7,Transiting
9.3,10.0,0.93,3.1,18.1,Transiting
0.5,10.0,0.05,59.3,83.5,Browsing
0.1,10.0,0.01,51.1,183.2,Browsing
2.9,10.0,0.29,135.7,234.4,Browsing
8.3,10.0,0.83,4.7,21.2,Transiting
17.0,10.0,1.7,11.3,15.2,Transiting
0.4,10.0,0.04,67.4,264.2,Browsing
6.1,10.0,0.61,14.0,14.7,Transiting
3.2,10.0,0.32,86.7,113.1,Browsing
0.2,10.0,0.02,151.2,160.5,Browsing
3.0,10.0,0.3,61.1,135.7,Browsing
8.6,10.0,0.86,8.8,24.0,Transiting
1.4,10.0,0.14,118.6,125.0,Browsing
6.6,10.0,0.66,10.4,12.8,Transiting
13.5,10.0,1.35,14.7,14.4,Transiting
0.1,10.0,0.01,161.5,187.7,Browsing
4.4,10.0,0.44,81.1,260.1,Browsing
15.7,10.0,1.57,10.9,30.0,Transiting
14.2,10.0,1.42,8.2,15.7,Transiting
11.6,10.0,1.16,14.0,30.5,Transiting
2.8,10.0,0.28,56.7,62.5,Browsing
14.3,10.0,1.43,1.6,32.0,Transiting
3.2,10.0,0.32,86.5,246.8,Browsing
9.0,10.0,0.9,10.1,22.1,Transiting
10.4,10.0,1.04,9.0,20.7,Transiting
3.8,10.0,0.38,123.5,116.6,Browsing
6.3,10.0,0.63,9.1,28.6,Transiting
2.9,10.0,0.29,71.2,247.3,Browsing
0.6,10.0,0.06,168.6,188.7,Browsing
16.2,10.0,1.62,4.2,25.8,Transiting
9.3,10.0,0.93,3.5,27.0,Transiting
1.0,10.0,0.1,81.5,219.6,Browsing
2.3,10.0,0.23,95.5,93.9,Browsing
3.6,10.0,0.36,87.8,277.8,Browsing
9.2,10.0,0.92,11.1,13.4,Transiting
2.2,10.0,0.22,83.8,100.1,Browsing
3.5,10.0,0.35,89.8,135.8,Browsing
15.5,10.0,1.55,12.2,15.8,Transiting
10.1,10.0,1.01,2.1,24.9,Transiting
1.8,10.0,0.18,130.2,53.3,Browsing
1.9,10.0,0.19,154.0,212.8,Browsing
17.7,10.0,1.77,11.9,33.3,Transiting
3.4,10.0,0.34,176.6,70.2,Browsing
0.5,10.0,0.05,117.2,262.9,Browsing
9.1,10.0,0.91,10.2,27.3,Transiting
0.4,10.0,0.04,141.4,282.6,Browsing
12.3,10.0,1.23,6.2,14.0,Transiting
3.6,10.0,0.36,80.4,219.7,Browsing
12.8,10.0,1.28,3.7,19.0,Transiting
0.1,10.0,0.01,94.9,47.8,Browsing
9.9,10.0,0.99,11.4,20.2,Transiting
0.9,10.0,0.09,140.6,59.6,Browsing
12.4,10.0,1.24,14.9,14.0,Transiting
16.7,10.0,1.67,10.2,19.2,Transiting
16.3,10.0,1.63,12.4,13.9,Transiting
0.8,10.0,0.08,47.4,195.9,Browsing
3.7,10.0,0.37,135.8,136.6,Browsing
6.8,10.0,0.68,14.3,23.1,Transiting
1.6,10.0,0.16,176.9,231.1,Browsing
8.6,10.0,0.86,5.3,19.0,Transiting
1.7,10.0,0.17,173.6,91.2,Browsing
3.1,10.0,0.31,31.6,190.5,Browsing
17.7,10.0,1.77,2.0,30.3,Transiting
2.0,10.0,0.2,61.8,202.7,Browsing
1.1,10.0,0.11,110.2,85.7,Browsing
12.2,10.0,1.22,5.1,10.9,Transiting
8.3,10.0,0.83,9.9,19.3,Transiting
11.5,10.0,1.15,2.9,18.9,Transiting
2.3,10.0,0.23,56.9,156.2,Browsing
3.8,10.0,0.38,31.4,298.4,Browsing
14.1,10.0,1.41,3.7,20.5,Transiting
16.4,10.0,1.64,0.6,11.0,Transiting
12.4,10.0,1.24,6.5,19.5,Transiting
11.0,10.0,1.1,13.5,25.0,Transiting
17.1,10.0,1.71,6.1,25.7,Transiting
9.8,10.0,0.98,7.6,24.1,Transiting
7.2,10.0,0.72,9.7,34.9,Transiting
0.9,10.0,0.09,35.2,292.4,Browsing
2.8,10.0,0.28,81.5,71.8,Browsing
9.1,10.0,0.91,12.7,25.2,Transiting
10.5,10.0,1.05,5.0,15.4,Transiting
13.6,10.0,1.36,1.3,27.8,Transiting
1.9,10.0,0.19,160.1,191.3,Browsing
0.6,10.0,0.06,84.0,69.0,Browsing
3.8,10.0,0.38,132.5,167.3,Browsing
1.8,10.0,0.18,56.4,151.3,Browsing
13.4,10.0,1.34,2.0,14.8,Transiting
1.1,10.0,0.11,70.6,269.3,Browsing
7.2,10.0,0.72,5.1,33.0,Transiting
9.6,10.0,0.96,1.1,16.0,Transiting
2.6,10.0,0.26,156.6,180.6,Browsing
0.6,10.0,0.06,124.5,250.6,Browsing
7.2,10.0,0.72,2.3,30.0,Transiting
1.4,10.0,0.14,84.6,79.9,Browsing
0.6,10.0,0.06,93.4,175.6,Browsing
1.4,10.0,0.14,63.6,213.0,Browsing
12.1,10.0,1.21,14.6,18.0,Transiting
1.8,10.0,0.18,177.0,59.3,Browsing
1.4,10.0,0.14,73.4,108.1,Browsing
10.0,10.0,1.0,0.7,10.2,Transiting
6.8,10.0,0.68,3.9,24.5,Transiting
3.7,10.0,0.37,88.8,248.6,Browsing
10.7,10.0,1.07,13.0,15.3,Transiting
4.1,10.0,0.41,111.5,220.9,Browsing
3.4,10.0,0.34,101.8,199.4,Browsing
1.3,10.0,0.13,109.4,217.5,Browsing
9.0,10.0,0.9,7.5,12.0,Transiting
1.1,10.0,0.11,137.3,60.0,Browsing
3.5,10.0,0.35,78.8,249.4,Browsing
2.1,10.0,0.21,137.0,209.4,Browsing
17.4,10.0,1.74,13.2,10.0,Transiting
3.6,10.0,0.36,108.5,202.3,Browsing
1.8,10.0,0.18,56.4,138.4,Browsing
3.5,10.0,0.35,131.1,45.3,Browsing
17.1,10.0,1.71,6.7,18.0,Transiting
17.7,10.0,1.77,0.5,24.5,Transiting
2.2,10.0,0.22,83.0,178.6,Browsing
3.4,10.0,0.34,44.7,84.6,Browsing
4.1,10.0,0.41,72.4,195.8,Browsing
0.2,10.0,0.02,47.9,163.8,Browsing
2.5,10.0,0.25,56.3,202.9,Browsing
1.6,10.0,0.16,136.1,194.5,Browsing
3.6,10.0,0.36,140.8,155.6,Browsing
14.5,10.0,1.45,12.5,25.8,Transiting
0.5,10.0,0.05,77.9,168.3,Browsing
17.7,10.0,1.77,14.4,27.3,Transiting
1.8,10.0,0.18,178.1,234.7,Browsing
17.1,10.0,1.71,4.4,15.4,Transiting
2.6,10.0,0.26,137.7,239.3,Browsing
4.5,10.0,0.45,107.4,294.1,Browsing
15.5,10.0,1.55,10.5,10.1,Transiting
3.8,10.0,0.38,76.1,202.9,Browsing
0.0,10.0,0.0,63.8,176.5,Browsing
8.0,10.0,0.8,6.8,25.8,Transiting
9.7,10.0,0.97,1.0,26.8,Transiting
1.4,10.0,0.14,163.1,65.4,Browsing
18.0,10.0,1.8,0.5,16.3,Transiting
3.9,10.0,0.39,98.8,156.8,Browsing
15.6,10.0,1.56,0.5,14.5,Transiting
4.2,10.0,0.42,169.7,185.5,Browsing
0.8,10.0,0.08,48.9,175.1,Browsing
3.5,10.0,0.35,93.7,125.0,Browsing
4.0,10.0,0.4,81.4,255.2,Browsing
0.7,10.0,0.07,93.6,45.0,Browsing
9.2,10.0,0.92,0.7,23.2,Transiting
1.9,10.0,0.19,64.6,204.9,Browsing
0.8,10.0,0.08,42.2,123.9,Browsing
1.8,10.0,0.18,72.4,177.2,Browsing
10.9,10.0,1.09,11.9,12.0,Transiting
11.0,10.0,1.1,12.3,11.6,Transiting
2.9,10.0,0.29,94.7,99.1,Browsing
2.5,10.0,0.25,117.8,131.8,Browsing
11.9,10.0,1.19,0.8,23.3,Transiting
2.4,10.0,0.24,149.2,276.6,Browsing
4.2,10.0,0.42,132.2,111.7,Browsing
8.4,10.0,0.84,10.1,28.9,Transiting
8.8,10.0,0.88,4.7,27.8,Transiting
6.3,10.0,0.63,15.0,10.1,Transiting
16.2,10.0,1.62,5.2,16.8,Transiting
0.4,10.0,0.04,155.3,103.2,Browsing
1.8,10.0,0.18,83.3,155.9,Browsing
0.8,10.0,0.08,168.0,73.1,Browsing
17.5,10.0,1.75,8.6,25.6,Transiting
1.5,10.0,0.15,32.1,150.6,Browsing
12.7,10.0,1.27,13.1,17.2,Transiting
3.0,10.0,0.3,85.2,89.8,Browsing
17.1,10.0,1.71,11.0,33.4,Transiting
2.7,10.0,0.27,61.8,216.6,Browsing
13.3,10.0,1.33,0.6,12.4,Transiting
8.9,10.0,0.89,3.2,31.9,Transiting
2.0,10.0,0.2,171.9,69.1,Browsing
17.8,10.0,1.78,6.5,18.5,Transiting
6.7,10.0,0.67,4.9,21.1,Transiting
15.4,10.0,1.54,8.7,25.4,Transiting
7.0,10.0,0.7,6.8,19.6,Transiting
8.0,10.0,0.8,3.9,31.5,Transiting
7.4,10.0,0.74,7.4,13.2,Transiting
2.8,10.0,0.28,30.0,102.3,Browsing
2.3,10.0,0.23,94.4,208.2,Browsing
7.8,10.0,0.78,9.3,27.2,Transiting
8.4,10.0,0.84,8.5,20.5,Transiting
15.7,10.0,1.57,5.7,12.1,Transiting
3.4,10.0,0.34,65.1,56.6,Browsing
15.5,10.0,1.55,6.8,27.6,Transiting
10.5,10.0,1.05,8.7,21.8,Transiting
2.3,10.0,0.23,93.9,196.0,Browsing
1.7,10.0,0.17,36.7,161.9,Browsing
9.2,10.0,0.92,7.0,34.8,Transiting
7.6,10.0,0.76,8.7,12.8,Transiting
17.2,10.0,1.72,0.4,27.1,Transiting
2.6,10.0,0.26,125.6,211.8,Browsing
8.7,10.0,0.87,11.7,16.9,Transiting
11.0,10.0,1.1,8.6,23.9,Transiting
15.3,10.0,1.53,2.1,27.0,Transiting
1.4,10.0,0.14,165.0,101.4,Browsing
4.1,10.0,0.41,106.8,117.3,Browsing
14.0,10.0,1.4,11.6,16.5,Transiting
4.4,10.0,0.44,32.9,225.9,Browsing
14.8,10.0,1.48,13.2,24.9,Transiting
11.3,10.0,1.13,2.5,19.6,Transiting
1.0,10.0,0.1,57.0,139.7,Browsing
0.7,10.0,0.07,172.5,130.3,Browsing
9.5,10.0,0.95,9.0,23.9,Transiting
12.6,10.0,1.26,6.0,23.0,Transiting
17.7,10.0,1.77,12.9,12.9,Transiting
0.1,10.0,0.01,178.3,224.4,Browsing
1.9,10.0,0.19,140.4,92.9,Browsing
10.6,10.0,1.06,13.6,10.8,Transiting
4.2,10.0,0.42,120.4,158.9,Browsing
2.2,10.0,0.22,133.0,211.1,Browsing
17.8,10.0,1.78,6.5,18.2,Transiting
9.4,10.0,0.94,8.9,17.6,Transiting
2.7,10.0,0.27,173.5,267.3,Browsing
17.5,10.0,1.75,6.6,33.2,Transiting
11.4,10.0,1.14,9.0,29.2,Transiting
10.6,10.0,1.06,9.3,17.5,Transiting
12.9,10.0,1.29,5.6,18.1,Transiting
0.5,10.0,0.05,96.9,45.2,Browsing
0.6,10.0,0.06,70.4,203.2,Browsing
14.9,10.0,1.49,12.7,14.4,Transiting
9.7,10.0,0.97,11.2,18.0,Transiting
0.6,10.0,0.06,149.0,202.8,Browsing
14.4,10.0,1.44,14.9,22.4,Transiting
3.5,10.0,0.35,75.9,292.9,Browsing
3.1,10.0,0.31,109.1,241.8,Browsing
2.6,10.0,0.26,177.5,128.6,Browsing
16.8,10.0,1.68,4.1,30.8,Transiting
15.7,10.0,1.57,3.1,33.2,Transiting
3.9,10.0,0.39,109.4,292.7,Browsing
3.2,10.0,0.32,153.6,264.6,Browsing
2.1,10.0,0.21,77.2,290.9,Browsing
3.4,10.0,0.34,89.8,137.6,Browsing
2.7,10.0,0.27,174.6,110.9,Browsing
2.3,10.0,0.23,122.2,42.1,Browsing
2.2,10.0,0.22,123.8,273.7,Browsing
2.1,10.0,0.21,137.1,115.6,Browsing
3.8,10.0,0.38,146.4,177.2,Browsing
12.2,10.0,1.22,6.7,13.6,Transiting
0.1,10.0,0.01,69.7,279.9,Browsing
7.4,10.0,0.74,6.7,10.7,Transiting
2.4,10.0,0.24,168.5,44.1,Browsing
14.9,10.0,1.49,9.0,21.6,Transiting
2.9,10.0,0.29,158.5,106.6,Browsing
10.6,10.0,1.06,13.7,25.6,Transiting
3.0,10.0,0.3,43.7,245.6,Browsing
0.7,10.0,0.07,146.4,252.0,Browsing
3.6,10.0,0.36,166.4,221.2,Browsing
14.3,10.0,1.43,14.3,22.6,Transiting
17.3,10.0,1.73,4.4,14.2,Transiting
2.6,10.0,0.26,135.7,44.3,Browsing
13.1,10.0,1.31,7.6,16.1,Transiting
3.5,10.0,0.35,93.3,149.1,Browsing
1.2,10.0,0.12,80.0,217.7,Browsing
12.9,10.0,1.29,6.5,30.2,Transiting
0.1,10.0,0.01,142.6,292.4,Browsing
0.1,10.0,0.01,56.5,70.5,Browsing
2.5,10.0,0.25,138.0,62.1,Browsing
3.0,10.0,0.3,130.7,107.9,Browsing
3.2,10.0,0.32,55.4,183.5,Browsing
13.9,10.0,1.39,10.8,21.5,Transiting
6.8,10.0,0.68,10.0,30.8,Transiting
15.4,10.0,1.54,12.6,10.1,Transiting
11.8,10.0,1.18,8.7,11.6,Transiting
8.5,10.0,0.85,7.0,11.2,Transiting
12.4,10.0,1.24,11.4,23.5,Transiting
9.8,10.0,0.98,14.9,28.3,Transiting
13.7,10.0,1.37,14.6,29.7,Transiting
15.9,10.0,1.59,11.1,19.5,Transiting
2.6,10.0,0.26,113.7,289.3,Browsing
2.4,10.0,0.24,51.1,269.4,Browsing
1.4,10.0,0.14,70.4,204.0,Browsing
8.7,10.0,0.87,10.3,21.0,Transiting
0.7,10.0,0.07,48.2,252.6,Browsing
2.2,10.0,0.22,32.2,87.1,Browsing
12.9,10.0,1.29,1.4,10.7,Transiting
2.7,10.0,0.27,86.5,69.7,Browsing
10.6,10.0,1.06,3.3,32.2,Transiting
2.8,10.0,0.28,123.6,67.8,Browsing
0.7,10.0,0.07,133.6,201.4,Browsing
4.3,10.0,0.43,59.3,74.7,Browsing
0.8,10.0,0.08,98.6,147.4,Browsing
2.7,10.0,0.27,83.7,95.1,Browsing
9.8,10.0,0.98,3.8,22.4,Transiting
13.2,10.0,1.32,5.3,29.0,Transiting
7.3,10.0,0.73,3.7,25.9,Transiting
13.3,10.0,1.33,1.5,33.9,Transiting
10.1,10.0,1.01,14.5,28.9,Transiting
16.2,10.0,1.62,1.7,23.8,Transiting
4.5,10.0,0.45,41.9,173.4,Browsing
3.0,10.0,0.3,39.0,127.0,Browsing
11.0,10.0,1.1,4.1,15.5,Transiting
7.2,10.0,0.72,4.8,17.0,Transiting
15.0,10.0,1.5,12.9,24.7,Transiting
1.3,10.0,0.13,117.7,214.7,Browsing
13.8,10.0,1.38,5.3,22.4,Transiting
1.3,10.0,0.13,55.1,164.2,Browsing
8.2,10.0,0.82,12.3,22.7,Transiting
2.0,10.0,0.2,146.4,179.4,Browsing
8.4,10.0,0.84,0.8,16.6,Transiting
6.5,10.0,0.65,11.5,10.2,Transiting
7.5,10.0,0.75,9.0,16.9,Transiting
1.3,10.0,0.13,139.4,288.5,Browsing
2.2,10.0,0.22,145.5,101.6,Browsing
10.6,10.0,1.06,7.3,18.8,Transiting
4.3,10.0,0.43,71.7,193.8,Browsing
17.1,10.0,1.71,3.4,26.0,Transiting
2.3,10.0,0.23,105.7,100.6,Browsing
6.3,10.0,0.63,4.7,30.4,Transiting
2.9,10.0,0.29,62.8,230.5,Browsing
2.5,10.0,0.25,128.1,185.1,Browsing
16.1,10.0,1.61,10.0,25.4,Transiting
4.4,10.0,0.44,156.9,191.0,Browsing
11.0,10.0,1.1,8.7,26.8,Transiting
1.7,10.0,0.17,71.8,101.4,Browsing
2.9,10.0,0.29,33.8,215.8,Browsing
11.1,10.0,1.11,12.3,24.3,Transiting
7.5,10.0,0.75,8.3,27.6,Transiting
1.9,10.0,0.19,142.4,161.3,Browsing
3.7,10.0,0.37,44.6,60.8,Browsing
17.1,10.0,1.71,3.9,13.7,Transiting
2.4,10.0,0.24,139.7,196.3,Browsing
8.7,10.0,0.87,0.4,14.9,Transiting
4.2,10.0,0.42,115.8,93.3,Browsing
3.9,10.0,0.39,74.8,230.9,Browsing
14.7,10.0,1.47,5.4,13.1,Transiting
13.4,10.0,1.34,6.3,14.3,Transiting
4.4,10.0,0.44,96.3,103.5,Browsing
4.1,10.0,0.41,140.2,64.5,Browsing
0.3,10.0,0.03,104.8,230.9,Browsing
13.1,10.0,1.31,2.2,22.6,Transiting
0.3,10.0,0.03,116.4,167.9,Browsing
16.0,10.0,1.6,7.4,17.0,Transiting
4.5,10.0,0.45,138.3,132.9,Browsing
1.8,10.0,0.18,159.9,197.0,Browsing
6.4,10.0,0.64,9.7,33.0,Transiting
3.0,10.0,0.3,155.4,159.8,Browsing
17.8,10.0,1.78,12.2,13.6,Transiting
1.6,10.0,0.16,112.1,257.9,Browsing
16.3,10.0,1.63,12.2,19.2,Transiting
4.0,10.0,0.4,98.8,92.4,Browsing
3.5,10.0,0.35,112.7,181.3,Browsing
2.5,10.0,0.25,92.0,184.4,Browsing
16.5,10.0,1.65,9.8,13.2,Transiting
1.3,10.0,0.13,62.4,163.2,Browsing
8.8,10.0,0.88,0.4,29.1,Transiting
1.3,10.0,0.13,59.7,297.3,Browsing
7.7,10.0,0.77,6.3,16.8,Transiting
0.1,10.0,0.01,66.7,288.3,Browsing
14.0,10.0,1.4,12.4,26.6,Transiting
1.0,10.0,0.1,38.3,82.6,Browsing
2.2,10.0,0.22,67.8,204.2,Browsing
1.6,10.0,0.16,36.2,253.5,Browsing
10.3,10.0,1.03,10.7,34.0,Transiting
1.6,10.0,0.16,143.4,197.3,Browsing
2.6,10.0,0.26,73.1,191.8,Browsing
0.3,10.0,0.03,167.1,246.3,Browsing
2.0,10.0,0.2,85.8,104.1,Browsing
16.5,10.0,1.65,2.4,12.7,Transiting
1.1,10.0,0.11,37.0,293.5,Browsing
12.6,10.0,1.26,8.0,26.0,Transiting
14.8,10.0,1.48,9.1,23.0,Transiting
2.0,10.0,0.2,43.6,53.0,Browsing
7.1,10.0,0.71,3.3,17.4,Transiting
1.0,10.0,0.1,83.0,266.0,Browsing
8.5,10.0,0.85,4.6,21.3,Transiting
1.7,10.0,0.17,37.7,157.5,Browsing
15.7,10.0,1.57,3.3,24.2,Transiting
17.0,10.0,1.7,13.1,30.4,Transiting
10.8,10.0,1.08,5.5,18.3,Transiting
12.0,10.0,1.2,11.6,24.1,Transiting
3.9,10.0,0.39,157.9,265.7,Browsing
13.2,10.0,1.32,9.4,19.1,Transiting
3.7,10.0,0.37,85.1,241.0,Browsing
15.2,10.0,1.52,8.1,34.5,Transiting
2.7,10.0,0.27,119.6,197.0,Browsing
2.2,10.0,0.22,68.8,164.1,Browsing
0.8,10.0,0.08,128.5,175.2,Browsing
3.9,10.0,0.39,166.5,50.3,Browsing
0.8,10.0,0.08,100.4,66.1,Browsing
2.9,10.0,0.29,62.5,276.8,Browsing
2.5,10.0,0.25,117.6,227.9,Browsing
10.1,10.0,1.01,3.4,10.1,Transiting
0.4,10.0,0.04,137.1,110.2,Browsing
3.1,10.0,0.31,39.8,49.6,Browsing
2.2,10.0,0.22,70.8,90.3,Browsing
6.1,10.0,0.61,1.2,31.0,Transiting
2.0,10.0,0.2,119.3,120.1,Browsing
1.3,10.0,0.13,96.2,204.4,Browsing
4.1,10.0,0.41,88.9,90.8,Browsing
2.4,10.0,0.24,38.7,227.8,Browsing
1.7,10.0,0.17,37.8,136.5,Browsing
16.7,10.0,1.67,9.6,31.8,Transiting
16.6,10.0,1.66,13.1,34.6,Transiting
4.2,10.0,0.42,169.8,186.5,Browsing
2.7,10.0,0.27,76.8,40.2,Browsing
1.1,10.0,0.11,83.3,121.0,Browsing
1.4,10.0,0.14,161.1,241.2,Browsing
17.4,10.0,1.74,4.1,10.1,Transiting
10.8,10.0,1.08,13.9,23.0,Transiting
9.7,10.0,0.97,7.5,22.1,Transiting
9.6,10.0,0.96,10.0,18.8,Transiting
1.3,10.0,0.13,49.3,234.2,Browsing
4.5,10.0,0.45,169.4,156.8,Browsing
14.3,10.0,1.43,9.1,10.3,Transiting
9.2,10.0,0.92,11.5,27.5,Transiting
18.0,10.0,1.8,6.9,13.3,Transiting
0.2,10.0,0.02,127.6,277.4,Browsing
2.4,10.0,0.24,76.8,239.2,Browsing
7.6,10.0,0.76,10.0,22.3,Transiting
2.9,10.0,0.29,66.1,179.9,Browsing
3.4,10.0,0.34,87.2,161.9,Browsing
14.6,10.0,1.46,0.5,27.0,Transiting
3.6,10.0,0.36,162.1,249.1,Browsing
14.1,10.0,1.41,7.5,31.7,Transiting
8.8,10.0,0.88,11.7,25.2,Transiting
11.1,10.0,1.11,10.3,30.5,Transiting
11.7,10.0,1.17,8.9,16.4,Transiting
7.5,10.0,0.75,10.3,28.2,Transiting
14.9,10.0,1.49,4.7,31.0,Transiting
2.3,10.0,0.23,137.5,47.8,Browsing
2.6,10.0,0.26,99.2,279.9,Browsing
13.4,10.0,1.34,2.0,18.2,Transiting
13.1,10.0,1.31,14.1,14.3,Transiting
7.4,10.0,0.74,0.9,33.5,Transiting
2.9,10.0,0.29,45.7,103.5,Browsing
4.3,10.0,0.43,128.9,299.4,Browsing
2.2,10.0,0.22,114.6,85.2,Browsing
4.2,10.0,0.42,46.5,160.7,Browsing
0.4,10.0,0.04,176.7,225.7,Browsing
2.7,10.0,0.27,129.2,195.5,Browsing
6.3,10.0,0.63,12.2,29.8,Transiting
4.1,10.0,0.41,130.1,157.1,Browsing
14.2,10.0,1.42,12.1,19.2,Transiting
6.2,10.0,0.62,6.3,25.2,Transiting
6.1,10.0,0.61,12.2,30.0,Transiting
6.7,10.0,0.67,11.9,22.8,Transiting
2.0,10.0,0.2,59.9,285.9,Browsing
17.2,10.0,1.72,5.0,30.1,Transiting
17.8,10.0,1.78,12.7,19.6,Transiting
3.5,10.0,0.35,122.5,64.2,Browsing
12.4,10.0,1.24,11.4,20.4,Transiting
15.2,10.0,1.52,8.7,22.6,Transiting
10.3,10.0,1.03,3.3,28.5,Transiting
3.4,10.0,0.34,132.8,144.4,Browsing
4.1,10.0,0.41,50.3,188.9,Browsing
10.0,10.0,1.0,1.7,18.6,Transiting
9.4,10.0,0.94,1.7,21.6,Transiting
3.5,10.0,0.35,118.6,120.3,Browsing
3.3,10.0,0.33,55.8,71.3,Browsing
8.7,10.0,0.87,8.9,23.6,Transiting
17.8,10.0,1.78,8.8,23.4,Transiting
